deviceSerialnum,temperature(°C),humidity,vpd,temperature(°F),co2,Timestamp,temperature_soil_f(°F),temperature_soil(°C),ppfd,power
,29.1,55.6,1.79,84.38,,2025-05-21 00:30:01,,,,
,28.6,58.5,1.62,83.48,,2025-05-21 01:00:01,,,,
,30.6,57.3,1.88,87.08,,2025-05-21 01:30:00,,,,
,28.9,40.4,2.37,84.02,,2025-05-21 02:00:01,,,,
,28.6,39.1,2.38,83.48,,2025-05-21 02:30:00,,,,
,28.4,31.6,2.65,83.12,,2025-05-21 03:00:01,,,,
,29.0,54.6,1.82,84.2,,2025-05-21 03:30:00,,,,
,23.6,61,1.14,74.48,,2025-05-21 04:30:00,,,,
,23.4,62.8,1.07,74.12,,2025-05-21 05:00:01,,,,
,23.2,61.6,1.09,73.76,,2025-05-21 05:30:01,,,,
,23.1,60,1.13,73.58,,2025-05-21 06:00:00,,,,
,23.0,58,1.18,73.4,,2025-05-21 06:30:00,,,,
,23.0,56.9,1.21,73.4,,2025-05-21 07:00:00,,,,
,23.0,58.7,1.16,73.4,,2025-05-21 07:30:00,,,,
,23.0,58.1,1.18,73.4,,2025-05-21 08:00:00,,,,
,23.0,61.4,1.08,73.4,,2025-05-21 08:30:00,,,,
,23.0,57.6,1.19,73.4,,2025-05-21 09:00:00,,,,
,22.9,58.1,1.17,73.22,,2025-05-21 09:30:00,,,,
,23.0,58.6,1.16,73.4,,2025-05-21 10:00:00,,,,
,27.3,50.7,1.79,81.14,,2025-05-21 10:30:00,,,,
,28.9,56.2,1.74,84.02,,2025-05-21 11:00:00,,,,
,28.8,55.2,1.77,83.84,,2025-05-21 11:30:00,,,,
,28.5,57,1.67,83.3,,2025-05-21 12:00:00,,,,
,28.7,57.5,1.67,83.66,,2025-05-21 12:30:00,,,,
,28.7,56.1,1.73,83.66,,2025-05-21 13:00:00,,,,
,28.6,57,1.68,83.48,,2025-05-21 13:30:01,,,,
,28.8,55.4,1.77,83.84,,2025-05-21 14:00:00,,,,
,28.7,57,1.69,83.66,,2025-05-21 14:30:00,,,,
,28.1,56.8,1.64,82.58,,2025-05-21 15:00:01,,,,
,28.5,57.6,1.65,83.3,,2025-05-21 15:30:01,,,,
,28.7,56.4,1.72,83.66,,2025-05-21 16:00:01,,,,
,28.8,56.3,1.73,83.84,,2025-05-21 16:30:00,,,,
,29.0,55.6,1.78,84.2,,2025-05-21 17:00:00,,,,
,29.1,55.1,1.81,84.38,,2025-05-21 17:30:00,,,,
,28.2,57.2,1.64,82.76,,2025-05-21 18:00:00,,,,
,28.0,57.3,1.61,82.4,,2025-05-21 18:30:00,,,,
,28.1,57.5,1.62,82.58,,2025-05-21 19:00:01,,,,
,26.5,49.8,1.74,79.7,,2025-05-21 19:30:00,,,,
,26.8,51.4,1.71,80.24,,2025-05-21 20:00:00,,,,
,26.9,54.5,1.61,80.42,,2025-05-21 20:30:00,,,,
,26.9,49.4,1.79,80.42,,2025-05-21 21:00:00,,,,
,26.8,54.6,1.6,80.24,,2025-05-21 21:30:00,,,,
,26.7,53.4,1.63,80.06,,2025-05-21 22:00:00,,,,
,25.4,67.9,1.04,77.72,,2025-05-21 22:30:00,,,,
,25.1,71.1,0.92,77.18,,2025-05-21 23:00:00,,,,
,25.5,66,1.11,77.9,,2025-05-21 23:30:01,,,,
,23.8,77.8,0.65,74.84,,2025-05-22 00:00:01,,,,
,24.2,53.6,1.4,75.56,,2025-05-22 00:30:01,,,,
,23.8,53.4,1.37,74.84,,2025-05-22 01:00:01,,,,
,24.4,47.2,1.61,75.92,,2025-05-22 01:30:00,,,,
,23.8,52.1,1.41,74.84,,2025-05-22 02:00:00,,,,
,23.9,54.3,1.36,75.02,,2025-05-22 02:30:00,,,,
,23.7,58.7,1.21,74.66,,2025-05-22 03:00:00,,,,
,24.2,49,1.54,75.56,,2025-05-22 03:30:00,,,,
,20.7,79.1,0.51,69.26,,2025-05-22 04:00:01,,,,
,19.6,78.1,0.5,67.28,,2025-05-22 04:30:00,,,,
,19.4,76.1,0.54,66.92,,2025-05-22 05:00:01,,,,
,19.8,70.6,0.68,67.64,,2025-05-22 05:30:00,,,,
,19.6,72.4,0.63,67.28,,2025-05-22 06:30:00,,,,
,19.4,73.3,0.6,66.92,,2025-05-22 07:30:01,,,,
,19.3,72.6,0.61,66.74,,2025-05-22 08:00:00,,,,
,19.1,75.7,0.54,66.38,,2025-05-22 08:30:00,,,,
,19.2,76.8,0.52,66.56,,2025-05-22 09:30:01,,,,
,19.2,75.9,0.54,66.56,,2025-05-22 10:00:01,,,,
,21.8,69.4,0.8,71.24,,2025-05-22 10:30:01,,,,
,23.1,78.3,0.61,73.58,,2025-05-22 11:00:00,,,,
,23.6,53.2,1.36,74.48,,2025-05-22 11:30:00,,,,
,23.7,51.6,1.42,74.66,,2025-05-22 12:00:00,,,,
,23.7,52.1,1.4,74.66,,2025-05-22 12:30:00,,,,
,23.6,52.3,1.39,74.48,,2025-05-22 13:00:01,,,,
,23.7,52.6,1.39,74.66,,2025-05-22 13:30:01,,,,
,23.3,56.3,1.25,73.94,,2025-05-22 14:00:00,,,,
,23.1,57.7,1.2,73.58,,2025-05-22 14:30:00,,,,
,22.9,78.5,0.6,73.22,,2025-05-22 15:00:00,,,,
,23.5,59.8,1.16,74.3,,2025-05-22 15:30:00,,,,
,23.5,59.9,1.16,74.3,,2025-05-22 16:00:01,,,,
,23.6,57.1,1.25,74.48,,2025-05-22 16:30:00,,,,
,23.6,58.2,1.22,74.48,,2025-05-22 17:00:00,,,,
,23.8,57.6,1.25,74.84,,2025-05-22 17:30:00,,,,
,24.0,53.2,1.4,75.2,,2025-05-22 18:00:01,,,,
,24.0,53.7,1.38,75.2,,2025-05-22 18:30:00,,,,
,24.3,51.6,1.47,75.74,,2025-05-22 19:00:01,,,,
,24.2,51.7,1.46,75.56,,2025-05-22 19:30:01,,,,
,24.1,53.2,1.4,75.38,,2025-05-22 20:00:01,,,,
,24.0,52.1,1.43,75.2,,2025-05-22 20:30:00,,,,
,23.8,55,1.33,74.84,,2025-05-22 21:00:00,,,,
,23.9,54.1,1.36,75.02,,2025-05-22 21:30:00,,,,
,23.5,56,1.27,74.3,,2025-05-22 22:00:01,,,,
,23.1,60,1.13,73.58,,2025-05-22 22:30:00,,,,
,23.3,61.2,1.11,73.94,,2025-05-22 23:30:01,,,,
,23.5,58.3,1.21,74.3,,2025-05-23 00:00:00,,,,
,23.6,58.2,1.22,74.48,,2025-05-23 00:30:00,,,,
,23.9,56.2,1.3,75.02,,2025-05-23 01:00:00,,,,
,23.7,63.4,1.07,74.66,,2025-05-23 01:30:00,,,,
,23.3,62.5,1.07,73.94,,2025-05-23 02:00:01,,,,
,23.1,77.6,0.63,73.58,,2025-05-23 02:30:00,,,,
,21.9,77.2,0.6,71.42,,2025-05-23 03:00:01,,,,
,22.4,73,0.73,72.32,,2025-05-23 03:30:00,,,,
,19.6,79.5,0.47,67.28,,2025-05-23 04:00:01,,,,
,19.0,88.8,0.25,66.2,,2025-05-23 04:30:00,,,,
,20.5,73.2,0.65,68.9,,2025-05-23 05:30:00,,,,
,20.7,78.3,0.53,69.26,,2025-05-23 06:30:00,,,,
,20.3,67.4,0.78,68.54,,2025-05-23 07:00:00,,,,
,20.2,76.5,0.56,68.36,,2025-05-23 07:30:00,,,,
,20.1,80.7,0.45,68.18,,2025-05-23 08:30:00,,,,
,20.0,67.8,0.75,68.0,,2025-05-23 09:00:00,,,,
,19.9,75.9,0.56,67.82,,2025-05-23 09:30:00,,,,
,19.9,74.6,0.59,67.82,,2025-05-23 10:30:00,,,,
,25.2,69.1,0.99,77.36,,2025-05-23 11:00:01,,,,
,24.6,71.2,0.89,76.28,,2025-05-23 11:30:00,,,,
,24.7,71.7,0.88,76.46,,2025-05-23 12:00:00,,,,
,24.8,69.2,0.96,76.64,,2025-05-23 12:30:01,,,,
,24.9,72,0.88,76.82,,2025-05-23 13:00:00,,,,
,25.1,70.6,0.94,77.18,,2025-05-23 13:30:00,,,,
,25.4,70.4,0.96,77.72,,2025-05-23 14:00:00,,,,
,25.3,71.6,0.92,77.54,,2025-05-23 14:30:01,,,,
,25.4,70.4,0.96,77.72,,2025-05-23 15:00:00,,,,
,25.6,70.9,0.96,78.08,,2025-05-23 15:30:00,,,,
,25.6,70.2,0.98,78.08,,2025-05-23 16:00:00,,,,
,25.6,69.7,0.99,78.08,,2025-05-23 16:30:00,,,,
,25.6,69.9,0.99,78.08,,2025-05-23 17:00:00,,,,
,25.2,62.3,1.21,77.36,,2025-05-23 17:30:00,,,,
,25.0,62.6,1.18,77.0,,2025-05-23 18:00:00,,,,
,26.8,49.7,1.77,80.24,,2025-05-23 18:30:00,,,,
,26.8,60.8,1.38,80.24,,2025-05-23 19:00:01,,,,
,25.4,42.4,1.87,77.72,,2025-05-23 19:30:00,,,,
,25.9,43.5,1.89,78.62,,2025-05-23 20:00:00,,,,
,28.0,58.3,1.58,82.4,,2025-05-23 20:30:00,,,,
,28.3,57.2,1.65,82.94,,2025-05-23 21:30:01,,,,
,31.6,54.6,2.11,88.88,,2025-05-23 22:00:00,,,,
,25.5,45.5,1.78,77.9,,2025-05-23 22:30:00,,,,
,25.7,55.4,1.47,78.26,,2025-05-23 23:00:00,,,,
,25.6,62,1.25,78.08,,2025-05-23 23:30:01,,,,
,24.4,70.6,0.9,75.92,,2025-05-24 00:00:01,,,,
,25.9,72.3,0.93,78.62,,2025-05-24 00:30:01,,,,
,25.7,63.9,1.19,78.26,,2025-05-24 01:00:00,,,,
,26.1,64.5,1.2,78.98,,2025-05-24 01:30:00,,,,
,28.4,48,2.01,83.12,,2025-05-24 02:00:01,,,,
,28.3,56.8,1.66,82.94,,2025-05-24 02:30:00,,,,
,25.6,68.3,1.04,78.08,,2025-05-24 03:00:01,,,,
,23.4,70.2,0.86,74.12,,2025-05-24 03:30:00,,,,
,22.1,75.2,0.66,71.78,,2025-05-24 04:00:00,,,,
,22.9,71.5,0.8,73.22,,2025-05-24 04:30:00,,,,
,22.9,70,0.84,73.22,,2025-05-24 05:00:00,,,,
,22.7,68.8,0.86,72.86,,2025-05-24 05:30:01,,,,
,22.7,71,0.8,72.86,,2025-05-24 06:00:00,,,,
,22.6,69.3,0.84,72.68,,2025-05-24 06:30:01,,,,
,22.6,71.8,0.77,72.68,,2025-05-24 07:00:00,,,,
,22.6,69.9,0.83,72.68,,2025-05-24 07:30:01,,,,
,22.5,71.1,0.79,72.5,,2025-05-24 08:00:00,,,,
,22.6,70.3,0.81,72.68,,2025-05-24 08:30:00,,,,
,22.5,68.5,0.86,72.5,,2025-05-24 09:00:00,,,,
,22.4,69.4,0.83,72.32,,2025-05-24 09:30:00,,,,
,22.3,72.2,0.75,72.14,,2025-05-24 10:00:00,,,,
,25.5,67,1.08,77.9,,2025-05-24 10:30:00,,,,
,26.0,61.9,1.28,78.8,,2025-05-24 11:00:00,,,,
,25.8,68.1,1.06,78.44,,2025-05-24 12:00:00,,,,
,26.0,67.3,1.1,78.8,,2025-05-24 12:30:00,,,,
,27.7,51.6,1.8,81.86,,2025-05-24 13:30:00,,,,
,28.3,48.9,1.97,82.94,,2025-05-24 14:00:01,,,,
,28.5,47,2.06,83.3,,2025-05-24 14:30:01,,,,
,28.6,46.4,2.1,83.48,,2025-05-24 15:00:00,,,,
,28.8,45.1,2.17,83.84,,2025-05-24 15:30:00,,,,
,28.8,42.9,2.26,83.84,,2025-05-24 16:30:01,,,,
,28.9,39.7,2.4,84.02,,2025-05-24 17:00:00,,,,
,29.0,39,2.44,84.2,,2025-05-24 17:30:00,,,,
,29.0,38.6,2.46,84.2,,2025-05-24 18:00:01,,,,
,29.0,37.9,2.49,84.2,,2025-05-24 18:30:01,,,,
,29.0,37.6,2.5,84.2,,2025-05-24 19:00:00,,,,
,29.1,37.3,2.53,84.38,,2025-05-24 19:30:01,,,,
,29.1,37,2.54,84.38,,2025-05-24 20:00:00,,,,
,27.1,62.2,1.36,80.78,,2025-05-24 20:30:01,,,,
,25.6,73,0.89,78.08,,2025-05-24 21:00:01,,,,
,25.9,68.9,1.04,78.62,,2025-05-24 21:30:00,,,,
,26.2,64.6,1.2,79.16,,2025-05-24 22:30:00,,,,
,25.0,67.8,1.02,77.0,,2025-05-24 23:00:00,,,,
,26.0,61.5,1.29,78.8,,2025-05-24 23:30:00,,,,
,25.9,65.5,1.15,78.62,,2025-05-25 00:30:00,,,,
,21.4,92.8,0.18,70.52,,2025-05-25 01:00:01,,,,
,23.6,71.5,0.83,74.48,,2025-05-25 01:30:01,,,,
,22.7,79.4,0.57,72.86,,2025-05-25 02:00:01,,,,
,22.8,78.6,0.59,73.04,,2025-05-25 02:30:00,,,,
,23.0,79.4,0.58,73.4,,2025-05-25 03:00:00,,,,
,23.0,78.3,0.61,73.4,,2025-05-25 03:30:00,,,,
,20.6,81.2,0.46,69.08,,2025-05-25 04:00:00,,,,
,16.3,95.3,0.09,61.34,,2025-05-25 04:30:00,,,,
,19.7,72.7,0.63,67.46,,2025-05-25 05:30:01,,,,
,21.9,72.8,0.71,71.42,,2025-05-25 06:00:01,,,,
,22.1,72.1,0.74,71.78,,2025-05-25 06:30:00,,,,
,22.2,71.8,0.75,71.96,,2025-05-25 07:30:00,,,,
,22.1,72,0.74,71.78,,2025-05-25 08:00:01,,,,
,22.0,74,0.69,71.6,,2025-05-25 08:30:00,,,,
,21.9,73.6,0.69,71.42,,2025-05-25 09:00:01,,,,
,21.9,73.3,0.7,71.42,,2025-05-25 09:30:00,,,,
,21.9,72.5,0.72,71.42,,2025-05-25 10:00:00,,,,
,26.2,67.4,1.11,79.16,,2025-05-25 10:30:00,,,,
,26.8,65.9,1.2,80.24,,2025-05-25 11:00:00,,,,
,27.1,62.7,1.34,80.78,,2025-05-25 11:30:00,,,,
,27.6,61.4,1.43,81.68,,2025-05-25 12:00:01,,,,
,27.3,64.8,1.28,81.14,,2025-05-25 12:30:00,,,,
,27.5,64.9,1.29,81.5,,2025-05-25 13:00:01,,,,
,27.7,63,1.37,81.86,,2025-05-25 13:30:01,,,,
,27.9,63.7,1.36,82.22,,2025-05-25 14:00:00,,,,
,27.7,60.4,1.47,81.86,,2025-05-25 14:30:00,,,,
,25.5,66.9,1.08,77.9,,2025-05-25 15:00:00,,,,
,26.2,63.9,1.23,79.16,,2025-05-25 15:30:01,,,,
,22.9,73.2,0.75,73.22,,2025-05-25 16:30:00,,,,
,26.1,76.4,0.8,78.98,,2025-05-25 17:00:00,,,,
,26.1,80,0.68,78.98,,2025-05-25 17:30:01,,,,
,24.4,78.4,0.66,75.92,,2025-05-25 18:00:00,,,,
,26.0,75.3,0.83,78.8,,2025-05-25 18:30:00,,,,
,23.0,79.1,0.59,73.4,,2025-05-25 19:00:01,,,,
,25.1,80.5,0.62,77.18,,2025-05-25 19:30:01,,,,
,24.3,74,0.79,75.74,,2025-05-25 20:00:00,,,,
,23.8,80.6,0.57,74.84,,2025-05-25 20:30:00,,,,
,25.9,78.3,0.73,78.62,,2025-05-25 21:00:01,,,,
,23.2,73.8,0.74,73.76,,2025-05-25 21:30:00,,,,
,25.2,81.2,0.6,77.36,,2025-05-25 22:00:00,,,,
,23.6,71.9,0.82,74.48,,2025-05-25 22:30:00,,,,
,23.6,71.1,0.84,74.48,,2025-05-25 23:00:00,,,,
,22.9,77.4,0.63,73.22,,2025-05-25 23:30:01,,,,
,23.6,80.4,0.57,74.48,,2025-05-26 00:00:00,,,,
,25.9,80,0.67,78.62,,2025-05-26 00:30:00,,,,
,24.4,77,0.7,75.92,,2025-05-26 01:00:00,,,,
,23.8,76.2,0.7,74.84,,2025-05-26 01:30:00,,,,
,23.6,74.8,0.73,74.48,,2025-05-26 02:00:01,,,,
,25.9,72.6,0.92,78.62,,2025-05-26 02:30:01,,,,
,24.5,75.2,0.76,76.1,,2025-05-26 03:00:00,,,,
,23.7,71,0.85,74.66,,2025-05-26 03:30:01,,,,
,25.0,75.3,0.78,77.0,,2025-05-26 04:00:00,,,,
,24.3,75.8,0.74,75.74,,2025-05-26 04:30:00,,,,
,23.9,77.6,0.66,75.02,,2025-05-26 05:00:00,,,,
,23.9,75.9,0.71,75.02,,2025-05-26 05:30:00,,,,
,23.8,75.6,0.72,74.84,,2025-05-26 06:00:01,,,,
,23.7,75.3,0.72,74.66,,2025-05-26 06:30:01,,,,
,23.5,76.9,0.67,74.3,,2025-05-26 07:00:00,,,,
,23.4,75.7,0.7,74.12,,2025-05-26 07:30:00,,,,
,23.2,76.8,0.66,73.76,,2025-05-26 08:00:00,,,,
,23.1,77.1,0.65,73.58,,2025-05-26 08:30:01,,,,
,23.0,76.6,0.66,73.4,,2025-05-26 09:00:01,,,,
,23.0,76,0.67,73.4,,2025-05-26 09:30:00,,,,
,22.9,80.3,0.55,73.22,,2025-05-26 10:00:00,,,,
,26.0,77.7,0.75,78.8,,2025-05-26 10:30:00,,,,
,23.9,68,0.95,75.02,,2025-05-26 11:00:01,,,,
,23.6,73.8,0.76,74.48,,2025-05-26 11:30:01,,,,
,23.4,73.8,0.75,74.12,,2025-05-26 12:00:01,,,,
,23.3,76.5,0.67,73.94,,2025-05-27 02:30:00,,,,
,24.2,78.7,0.64,75.56,,2025-05-28 00:00:00,,,,
,24.2,74.5,0.77,75.56,,2025-05-28 00:00:00,,,,
,26.3,82.6,0.6,79.34,,2025-05-28 00:00:01,,,,
,27.4,77.7,0.81,81.32,,2025-05-28 00:30:00,,,,
,29.0,65.7,1.37,84.2,,2025-05-28 01:00:01,,,,
,21.0,81.4,0.46,69.8,,2025-05-28 07:30:00,,,,
,21.0,81.5,0.46,69.8,,2025-05-28 07:30:01,,,,
,20.9,81.5,0.46,69.62,,2025-05-28 08:00:00,,,,
,21.0,80.9,0.48,69.8,,2025-05-28 08:00:00,,,,
,21.0,82.2,0.44,69.8,,2025-05-28 08:00:00,,,,
,21.0,82.6,0.43,69.8,,2025-05-28 08:30:00,,,,
,21.0,83.1,0.42,69.8,,2025-05-28 08:30:00,,,,
,21.0,82.8,0.43,69.8,,2025-05-28 09:00:00,,,,
,21.0,82.1,0.45,69.8,,2025-05-28 09:00:01,,,,
,21.0,83,0.42,69.8,,2025-05-28 09:00:01,,,,
,21.1,80.7,0.48,69.98,,2025-05-28 09:30:00,,,,
,21.1,80.5,0.49,69.98,,2025-05-28 09:30:01,,,,
,21.0,80.7,0.48,69.8,,2025-05-28 10:00:00,,,,
,21.0,80.6,0.48,69.8,,2025-05-28 10:00:01,,,,
,23.3,79.6,0.58,73.94,,2025-05-28 10:30:00,,,,
,24.8,77.3,0.71,76.64,,2025-05-28 10:30:00,,,,
,26.0,77.3,0.76,78.8,,2025-05-28 11:00:00,,,,
,26.1,75.7,0.82,78.98,,2025-05-28 11:00:01,,,,
,26.2,75.8,0.82,79.16,,2025-05-28 11:00:01,,,,
,26.4,77.2,0.78,79.52,,2025-05-28 11:30:01,,,,
,26.5,76.7,0.81,79.7,,2025-05-28 11:30:00,,,,
,26.6,76.3,0.83,79.88,,2025-05-28 12:00:00,,,,
,26.6,75.3,0.86,79.88,,2025-05-28 12:00:01,,,,
,25.7,81.4,0.61,78.26,,2025-05-28 12:00:01,,,,
,25.6,81.4,0.61,78.08,,2025-05-28 12:30:01,,,,
,25.3,80.7,0.62,77.54,,2025-05-28 13:00:01,,,,
,25.2,80.6,0.62,77.36,,2025-05-28 13:00:01,,,,
,25.0,80.7,0.61,77.0,,2025-05-28 13:30:00,,,,
,24.9,79.5,0.65,76.82,,2025-05-28 13:30:00,,,,
,24.7,80.5,0.61,76.46,,2025-05-28 14:00:00,,,,
,24.7,81.2,0.58,76.46,,2025-05-28 14:00:00,,,,
,24.7,79.6,0.63,76.46,,2025-05-28 14:30:01,,,,
,24.5,82,0.55,76.1,,2025-05-28 14:30:00,,,,
,24.5,80.7,0.59,76.1,,2025-05-28 15:00:00,,,,
,24.5,80.1,0.61,76.1,,2025-05-28 15:00:01,,,,
,24.4,80.3,0.6,75.92,,2025-05-28 15:30:00,,,,
,24.4,80.5,0.6,75.92,,2025-05-28 15:30:00,,,,
,24.4,78.9,0.64,75.92,,2025-05-28 16:00:00,,,,
,24.4,81.7,0.56,75.92,,2025-05-28 16:00:00,,,,
,24.5,80.7,0.59,76.1,,2025-05-28 16:00:00,,,,
,24.6,80.3,0.61,76.28,,2025-05-28 16:30:01,,,,
,24.5,81,0.58,76.1,,2025-05-28 16:30:00,,,,
,24.5,82.4,0.54,76.1,,2025-05-28 17:00:00,,,,
,24.5,80.8,0.59,76.1,,2025-05-28 17:00:01,,,,
,24.5,81.8,0.56,76.1,,2025-05-28 17:00:00,,,,
,24.5,81.5,0.57,76.1,,2025-05-28 17:30:00,,,,
,24.5,80.5,0.6,76.1,,2025-05-28 17:30:00,,,,
,24.5,80.5,0.6,76.1,,2025-05-28 18:00:00,,,,
,24.6,79.7,0.63,76.28,,2025-05-28 18:00:01,,,,
,24.4,82.9,0.52,75.92,,2025-05-28 18:30:01,,,,
,24.5,81.8,0.56,76.1,,2025-05-28 18:30:00,,,,
,24.4,79.3,0.63,75.92,,2025-05-28 19:00:00,,,,
,24.4,80.9,0.58,75.92,,2025-05-28 19:00:01,,,,
,24.4,80.2,0.61,75.92,,2025-05-28 19:30:00,,,,
,24.5,79.4,0.63,76.1,,2025-05-28 20:00:00,,,,
,24.4,82.5,0.53,75.92,,2025-05-28 20:00:00,,,,
,24.5,81,0.58,76.1,,2025-05-28 20:00:01,,,,
,24.4,81.4,0.57,75.92,,2025-05-28 20:30:00,,,,
,24.4,81.5,0.57,75.92,,2025-05-28 20:30:01,,,,
,24.5,79.8,0.62,76.1,,2025-05-28 21:00:00,,,,
,24.4,81.6,0.56,75.92,,2025-05-28 21:00:01,,,,
,24.7,82.4,0.55,76.46,,2025-05-28 21:00:01,,,,
,26.4,78.6,0.74,79.52,,2025-05-28 21:30:00,,,,
,26.5,76.3,0.82,79.7,,2025-05-28 21:30:00,,,,
,22.5,87.4,0.34,72.5,,2025-05-28 22:00:00,,,,
,23.6,79.8,0.59,74.48,,2025-05-28 22:30:00,,,,
,23.5,81.3,0.54,74.3,,2025-05-28 22:30:01,,,,
,21.9,94.2,0.15,71.42,,2025-05-28 23:00:00,,,,
,21.8,93.7,0.16,71.24,,2025-05-28 23:00:00,,,,
,21.1,99.3,0.02,69.98,,2025-05-28 23:30:00,,,,
,22.4,92.5,0.2,72.32,,2025-05-28 23:30:00,,,,
,23.7,79.5,0.6,74.66,,2025-05-29 00:00:00,,,,
,24.7,78.5,0.67,76.46,,2025-05-29 00:00:00,,,,
,26.9,73.9,0.93,80.42,,2025-05-29 00:30:00,,,,
,26.9,75.6,0.86,80.42,,2025-05-29 00:00:01,,,,
,26.8,78.1,0.77,80.24,,2025-05-29 01:00:00,,,,
,26.8,78.6,0.75,80.24,,2025-05-29 01:00:00,,,,
,26.4,75.3,0.85,79.52,,2025-05-29 01:30:00,,,,
,26.7,75,0.88,80.06,,2025-05-29 01:30:00,,,,
,26.7,76.5,0.82,80.06,,2025-05-29 02:00:01,,,,
,26.6,77.9,0.77,79.88,,2025-05-29 02:00:00,,,,
,27.0,74.3,0.92,80.6,,2025-05-29 02:30:00,,,,
,26.3,71.1,0.99,79.34,,2025-05-29 02:30:01,,,,
,22.8,83.7,0.45,73.04,,2025-05-29 03:00:01,,,,
,24.7,76.1,0.74,76.46,,2025-05-29 03:00:01,,,,
,24.7,76.1,0.74,76.46,,2025-05-29 03:30:01,,,,
,23.1,77.6,0.63,73.58,,2025-05-29 04:00:00,,,,
,21.5,81.6,0.47,70.7,,2025-05-29 04:00:00,,,,
,21.3,80.2,0.5,70.34,,2025-05-29 04:00:01,,,,
,21.1,81.7,0.46,69.98,,2025-05-29 04:30:01,,,,
,20.9,81.3,0.46,69.62,,2025-05-29 04:30:00,,,,
,20.8,81.1,0.46,69.44,,2025-05-29 05:00:00,,,,
,20.8,82.5,0.43,69.44,,2025-05-29 05:00:01,,,,
,20.8,81.8,0.45,69.44,,2025-05-29 05:00:01,,,,
,20.7,81.4,0.45,69.26,,2025-05-29 05:30:00,,,,
,20.7,82.1,0.44,69.26,,2025-05-29 05:30:01,,,,
,20.4,81,0.46,68.72,,2025-05-29 06:00:00,,,,
,20.3,83.9,0.38,68.54,,2025-05-29 06:00:00,,,,
,20.2,82.8,0.41,68.36,,2025-05-29 06:30:00,,,,
,20.2,82,0.43,68.36,,2025-05-29 07:00:00,,,,
,20.1,81.8,0.43,68.18,,2025-05-29 07:00:00,,,,
,20.2,79.4,0.49,68.36,,2025-05-29 07:00:00,,,,
,20.2,80.4,0.46,68.36,,2025-05-29 07:30:01,,,,
,20.2,82.2,0.42,68.36,,2025-05-29 07:30:00,,,,
,20.2,81.7,0.43,68.36,,2025-05-29 08:00:00,,,,
,20.1,80.8,0.45,68.18,,2025-05-29 08:00:00,,,,
,20.2,80.4,0.46,68.36,,2025-05-29 08:30:00,,,,
,20.1,80,0.47,68.18,,2025-05-29 08:30:00,,,,
,20.2,80.6,0.46,68.36,,2025-05-29 09:00:00,,,,
,20.1,78.9,0.5,68.18,,2025-05-29 09:00:00,,,,
,20.0,81.4,0.43,68.0,,2025-05-29 09:30:00,,,,
,19.9,80.3,0.46,67.82,,2025-05-29 09:30:01,,,,
,19.9,80.9,0.44,67.82,,2025-05-29 10:00:01,,,,
,19.9,80.9,0.44,67.82,,2025-05-29 10:00:01,,,,
,20.5,79.9,0.48,68.9,,2025-05-29 10:00:01,,,,
,22.7,76.3,0.65,72.86,,2025-05-29 10:30:00,,,,
,24.2,78.9,0.64,75.56,,2025-05-29 10:30:01,,,,
,25.8,77.8,0.74,78.44,,2025-05-29 11:00:01,,,,
,26.0,78.8,0.71,78.8,,2025-05-29 11:00:00,,,,
,26.6,77.7,0.78,79.88,,2025-05-29 11:30:00,,,,
,26.6,77.2,0.79,79.88,,2025-05-29 11:30:01,,,,
,26.7,77.2,0.8,80.06,,2025-05-29 12:00:00,,,,
,26.8,75.9,0.85,80.24,,2025-05-29 12:00:01,,,,
,27.0,75.4,0.88,80.6,,2025-05-29 12:30:00,,,,
,27.0,73.6,0.94,80.6,,2025-05-29 12:30:00,,,,
,24.9,78.3,0.68,76.82,,2025-05-29 13:00:00,,,,
,24.9,81.2,0.59,76.82,,2025-05-29 13:00:01,,,,
,24.8,80.4,0.61,76.64,,2025-05-29 13:00:00,,,,
,24.8,82.4,0.55,76.64,,2025-05-29 13:30:00,,,,
,24.9,80.1,0.63,76.82,,2025-05-29 13:30:00,,,,
,25.0,81,0.6,77.0,,2025-05-29 14:00:00,,,,
,25.0,81.3,0.59,77.0,,2025-05-29 14:00:00,,,,
,24.9,80.5,0.61,76.82,,2025-05-29 14:00:00,,,,
,25.1,81,0.61,77.18,,2025-05-29 14:30:00,,,,
,25.2,80.8,0.62,77.36,,2025-05-29 14:30:00,,,,
,25.2,82.4,0.56,77.36,,2025-05-29 15:00:00,,,,
,25.0,81.9,0.57,77.0,,2025-05-29 15:00:01,,,,
,25.0,80.5,0.62,77.0,,2025-05-29 15:30:00,,,,
,24.8,82,0.56,76.64,,2025-05-29 15:30:00,,,,
,25.0,83.4,0.53,77.0,,2025-05-29 16:00:01,,,,
,24.9,83,0.54,76.82,,2025-05-29 16:00:00,,,,
,25.0,80.7,0.61,77.0,,2025-05-29 16:00:01,,,,
,25.3,82.8,0.55,77.54,,2025-05-29 16:30:00,,,,
,25.3,81.6,0.59,77.54,,2025-05-29 16:30:01,,,,
,25.4,82.6,0.56,77.72,,2025-05-29 17:00:00,,,,
,25.2,82.3,0.57,77.36,,2025-05-29 17:00:01,,,,
,25.1,83.9,0.51,77.18,,2025-05-29 17:30:00,,,,
,25.0,82.4,0.56,77.0,,2025-05-29 17:30:01,,,,
,25.7,72.5,0.91,78.26,,2025-05-29 18:00:00,,,,
,25.5,72.5,0.9,77.9,,2025-05-29 18:00:01,,,,
,25.1,72.3,0.88,77.18,,2025-05-29 18:00:00,,,,
,25.0,71.9,0.89,77.0,,2025-05-29 18:30:00,,,,
,24.8,72.6,0.86,76.64,,2025-05-29 19:00:00,,,,
,24.8,72.6,0.86,76.64,,2025-05-29 19:00:00,,,,
,24.7,73,0.84,76.46,,2025-05-29 19:00:00,,,,
,24.7,73.4,0.83,76.46,,2025-05-29 19:30:00,,,,
,24.6,73.6,0.82,76.28,,2025-05-29 19:30:00,,,,
,24.7,72.3,0.86,76.46,,2025-05-29 20:00:00,,,,
,24.7,72.7,0.85,76.46,,2025-05-29 20:00:00,,,,
,24.8,72.6,0.86,76.64,,2025-05-29 20:00:01,,,,
,24.6,74.1,0.8,76.28,,2025-05-29 20:30:00,,,,
,24.5,72.7,0.84,76.1,,2025-05-29 20:30:01,,,,
,24.7,73,0.84,76.46,,2025-05-29 21:00:00,,,,
,24.6,73.7,0.81,76.28,,2025-05-29 21:00:00,,,,
,24.6,74.6,0.79,76.28,,2025-05-29 21:00:01,,,,
,24.7,74.2,0.8,76.46,,2025-05-29 21:30:00,,,,
,26.6,66.1,1.18,79.88,,2025-05-29 21:30:01,,,,
,26.7,75.1,0.87,80.06,,2025-05-29 22:00:00,,,,
,26.8,74.6,0.89,80.24,,2025-05-29 22:00:00,,,,
,27.0,77.6,0.8,80.6,,2025-05-29 22:00:00,,,,
,24.0,80.1,0.59,75.2,,2025-05-29 22:30:00,,,,
,24.0,82.3,0.53,75.2,,2025-05-29 22:30:00,,,,
,26.9,72.7,0.97,80.42,,2025-05-29 23:00:00,,,,
,26.9,65.5,1.22,80.42,,2025-05-29 23:30:01,,,,
,28.2,64.1,1.37,82.76,,2025-05-29 23:30:00,,,,
,29.2,62.9,1.5,84.56,,2025-05-30 00:00:00,,,,
,27.4,62.6,1.37,81.32,,2025-05-30 00:30:00,,,,
,27.6,64.8,1.3,81.68,,2025-05-30 00:00:00,,,,
,25.4,77.8,0.72,77.72,,2025-05-30 01:00:01,,,,
,25.4,78.1,0.71,77.72,,2025-05-30 01:00:01,,,,
,24.4,79.4,0.63,75.92,,2025-05-30 01:30:00,,,,
,25.7,77.7,0.74,78.26,,2025-05-30 01:30:00,,,,
,25.9,78.1,0.73,78.62,,2025-05-30 02:00:00,,,,
,25.9,76.9,0.77,78.62,,2025-05-30 02:00:00,,,,
,26.6,72.5,0.96,79.88,,2025-05-30 02:30:00,,,,
,26.7,73.4,0.93,80.06,,2025-05-30 02:30:00,,,,
,26.9,72.3,0.98,80.42,,2025-05-30 03:00:00,,,,
,24.6,73,0.84,76.28,,2025-05-30 03:00:00,,,,
,24.6,68.6,0.97,76.28,,2025-05-30 03:30:00,,,,
,24.2,75.3,0.75,75.56,,2025-05-30 04:00:01,,,,
,23.8,74.1,0.76,74.84,,2025-05-30 04:00:00,,,,
,22.9,78.3,0.61,73.22,,2025-05-30 04:00:00,,,,
,22.3,78.2,0.59,72.14,,2025-05-30 04:30:01,,,,
,21.9,78.4,0.57,71.42,,2025-05-30 05:00:00,,,,
,21.8,79.3,0.54,71.24,,2025-05-30 05:00:01,,,,
,21.7,76.6,0.61,71.06,,2025-05-30 05:00:00,,,,
,21.6,79.4,0.53,70.88,,2025-05-30 05:30:00,,,,
,21.5,77,0.59,70.7,,2025-05-30 05:30:00,,,,
,21.4,76.4,0.6,70.52,,2025-05-30 06:00:00,,,,
,21.4,79.2,0.53,70.52,,2025-05-30 06:00:00,,,,
,21.4,78.8,0.54,70.52,,2025-05-30 06:30:01,,,,
,21.3,78.2,0.55,70.34,,2025-05-30 07:00:00,,,,
,21.3,81,0.48,70.34,,2025-05-30 07:00:01,,,,
,21.3,76.9,0.59,70.34,,2025-05-30 07:30:00,,,,
,21.3,81.4,0.47,70.34,,2025-05-30 07:30:00,,,,
,21.3,80.9,0.48,70.34,,2025-05-30 08:00:01,,,,
,21.2,80.5,0.49,70.16,,2025-05-30 08:30:00,,,,
,21.1,77.1,0.57,69.98,,2025-05-30 09:30:00,,,,
,23.8,78.7,0.63,74.84,,2025-05-30 10:00:01,,,,
,26.2,73.5,0.9,79.16,,2025-05-30 11:00:00,,,,
,24.6,72,0.87,76.28,,2025-05-30 12:30:00,,,,
,25.1,74.5,0.81,77.18,,2025-05-30 13:30:01,,,,
,25.1,72,0.89,77.18,,2025-05-30 14:30:00,,,,
,27.6,68.8,1.15,81.68,,2025-05-31 03:30:00,,,,
,24.1,72.4,0.83,75.38,,2025-05-31 04:00:00,,,,
,22.8,76,0.67,73.04,,2025-05-31 05:00:00,,,,
,22.3,79.1,0.56,72.14,,2025-05-31 06:00:00,,,,
,22.1,75.7,0.65,71.78,,2025-05-31 07:00:00,,,,
,21.9,74.5,0.67,71.42,,2025-05-31 08:00:00,,,,
,21.4,79.1,0.53,70.52,,2025-05-31 09:00:01,,,,
,21.4,79.5,0.52,70.52,,2025-05-31 10:00:01,,,,
,21.4,79.5,0.52,70.52,,2025-05-31 11:00:01,,,,
,21.4,79.5,0.52,70.52,,2025-05-31 12:00:01,,,,
,21.4,79.5,0.52,70.52,,2025-05-31 13:00:00,,,,
,21.4,79.5,0.52,70.52,,2025-05-31 13:30:00,,,,
,21.4,79.5,0.52,70.52,,2025-05-31 14:00:01,,,,
,26.3,68.2,1.09,79.34,,2025-05-31 14:30:00,,,,
,26.4,68.2,1.09,79.52,,2025-05-31 15:00:00,,,,
,26.5,67.3,1.13,79.7,,2025-05-31 16:30:00,,,,
,26.7,67.9,1.12,80.06,,2025-05-31 17:00:00,,,,
,26.8,68.5,1.11,80.24,,2025-05-31 18:00:01,,,,
,26.9,67.5,1.15,80.42,,2025-05-31 19:00:00,,,,
,26.8,72.2,0.98,80.24,,2025-05-31 20:00:01,,,,
,28.5,69,1.21,83.3,,2025-05-31 20:30:00,,,,
,26.9,70.4,1.05,80.42,,2025-05-31 21:00:00,,,,
,27.0,71.1,1.03,80.6,,2025-05-31 22:00:01,,,,
,26.4,68,1.1,79.52,,2025-05-31 23:00:00,,,,
,27.8,73.4,0.99,82.04,,2025-06-01 01:00:00,,,,
,28.0,57.9,1.59,82.4,,2025-06-01 01:30:00,,,,
,23.1,96.6,0.1,73.58,,2025-06-01 02:00:00,,,,
,27.0,71.7,1.01,80.6,,2025-06-01 02:30:00,,,,
,27.5,71.1,1.06,81.5,,2025-06-01 03:00:00,,,,
,23.2,72.3,0.79,73.76,,2025-06-01 04:00:00,,,,
,22.1,70,0.8,71.78,,2025-06-01 04:30:01,,,,
,22.0,69.8,0.8,71.6,,2025-06-01 05:00:00,,,,
,21.8,75,0.65,71.24,,2025-06-01 05:30:00,,,,
,21.6,72.2,0.72,70.88,,2025-06-01 06:00:00,,,,
,21.4,71,0.74,70.52,,2025-06-01 06:30:00,,,,
,21.2,75.2,0.62,70.16,,2025-06-01 07:30:00,,,,
,21.2,69.8,0.76,70.16,,2025-06-01 08:00:00,,,,
,21.0,73.8,0.65,69.8,,2025-06-01 08:30:01,,,,
,21.0,72.2,0.69,69.8,,2025-06-01 09:00:01,,,,
,20.9,74.8,0.62,69.62,,2025-06-01 10:00:00,,,,
,20.9,74.8,0.62,69.62,,2025-06-01 14:30:00,,,,
,20.9,74.8,0.62,69.62,,2025-06-01 16:00:00,,,,
,20.9,74.8,0.62,69.62,,2025-06-01 17:00:00,,,,
,20.9,74.8,0.62,69.62,,2025-06-01 19:30:00,,,,
,27.0,67.1,1.17,80.6,,2025-06-02 00:00:00,,,,
,27.4,65.7,1.25,81.32,,2025-06-02 00:30:00,,,,
,27.5,63.3,1.35,81.5,,2025-06-02 01:30:00,,,,
,23.6,84,0.47,74.48,,2025-06-02 02:00:00,,,,
,24.2,82.2,0.54,75.56,,2025-06-02 02:30:01,,,,
,24.1,81.3,0.56,75.38,,2025-06-02 03:00:00,,,,
,23.9,74.6,0.75,75.02,,2025-06-02 03:30:01,,,,
,22.4,75.5,0.66,72.32,,2025-06-02 04:30:00,,,,
,22.1,72.9,0.72,71.78,,2025-06-02 05:00:00,,,,
,21.9,74.4,0.67,71.42,,2025-06-02 05:30:00,,,,
,21.6,72.9,0.7,70.88,,2025-06-02 06:00:01,,,,
,21.4,74.2,0.66,70.52,,2025-06-02 07:00:00,,,,
,21.4,73.3,0.68,70.52,,2025-06-02 07:30:00,,,,
,21.2,73.3,0.67,70.16,,2025-06-02 08:00:00,,,,
,21.1,71.9,0.7,69.98,,2025-06-02 08:30:00,,,,
,21.0,73,0.67,69.8,,2025-06-02 09:00:00,,,,
,20.8,71.9,0.69,69.44,,2025-06-02 09:30:00,,,,
,27.1,64.4,1.28,80.78,,2025-06-02 10:30:00,,,,
,27.0,65.3,1.24,80.6,,2025-06-02 11:00:00,,,,
,27.2,66.1,1.22,80.96,,2025-06-02 11:30:00,,,,
,27.2,66.1,1.22,80.96,,2025-06-02 14:30:00,,,,
,26.9,66.4,1.19,80.42,,2025-06-02 16:00:01,,,,
,27.1,65.9,1.22,80.78,,2025-06-02 17:30:00,,,,
,26.9,64,1.28,80.42,,2025-06-02 19:00:00,,,,
,26.9,64,1.28,80.42,,2025-06-02 20:00:01,,,,
,25.6,65.4,1.14,78.08,,2025-06-02 21:00:00,,,,
,27.5,64.4,1.31,81.5,,2025-06-02 23:00:01,,,,
,27.2,62.8,1.34,80.96,,2025-06-03 00:00:00,,,,
,24.4,83.4,0.51,75.92,,2025-06-03 02:00:01,,,,
,24.2,82.5,0.53,75.56,,2025-06-03 03:00:00,,,,
,19.6,84.3,0.36,67.28,,2025-06-03 05:00:01,,,,
,19.3,86.1,0.31,66.74,,2025-06-03 07:00:00,,,,
,20.4,86,0.34,68.72,,2025-06-03 07:30:01,,,,
,19.4,84.4,0.35,66.92,,2025-06-03 09:30:01,,,,
,23.8,82.9,0.5,74.84,,2025-06-03 11:00:01,,,,
,25.0,85.8,0.45,77.0,,2025-06-03 12:00:00,,,,
,24.4,82.4,0.54,75.92,,2025-06-03 14:00:00,,,,
,23.5,86.2,0.4,74.3,,2025-06-03 15:30:01,,,,
,22.9,86.2,0.39,73.22,,2025-06-03 17:30:00,,,,
,23.0,84.9,0.42,73.4,,2025-06-03 18:00:00,,,,
,22.8,85.7,0.4,73.04,,2025-06-03 20:00:00,,,,
,22.3,86.3,0.37,72.14,,2025-06-03 22:00:00,,,,
,22.9,84.7,0.43,73.22,,2025-06-03 23:30:00,,,,
,20.9,78.4,0.53,69.62,,2025-06-04 08:35:00,,,,
,20.8,75.9,0.59,69.44,,2025-06-04 09:05:00,,,,
,27.4,65.2,1.27,81.32,,2025-06-04 11:20:00,,,,
,27.6,64.6,1.31,81.68,,2025-06-04 11:35:00,,,,
,25.6,69.5,1,78.08,,2025-06-04 14:30:00,,,,
,25.7,70.5,0.97,78.26,,2025-06-04 15:00:00,,,,
,26.0,70.6,0.99,78.8,,2025-06-04 15:30:00,,,,
,25.8,70,1,78.44,,2025-06-04 16:00:00,,,,
,24.6,69.3,0.95,76.28,,2025-06-04 16:30:00,,,,
,24.2,69.6,0.92,75.56,,2025-06-04 17:00:00,,,,
,26.8,69.6,1.07,80.24,,2025-06-04 17:30:00,,,,
,26.8,71.9,0.99,80.24,,2025-06-04 18:00:00,,,,
,26.9,72,0.99,80.42,,2025-06-04 18:30:00,,,,
,26.9,71.4,1.01,80.42,,2025-06-04 19:00:00,,,,
,26.6,70.9,1.01,79.88,,2025-06-04 19:30:00,,,,
,26.5,64.8,1.22,79.7,,2025-06-04 20:00:00,,,,
,26.6,67.4,1.14,79.88,,2025-06-04 20:30:00,,,,
,26.5,72.2,0.96,79.7,,2025-06-04 21:00:00,,,,
,26.4,70.2,1.03,79.52,,2025-06-04 21:30:00,,,,
,27.0,66.5,1.19,80.6,,2025-06-04 22:00:00,,,,
,27.1,65.1,1.25,80.78,,2025-06-04 22:30:00,,,,
,27.0,63.7,1.29,80.6,,2025-06-04 23:00:00,,,,
,27.1,64,1.29,80.78,,2025-06-04 23:30:00,,,,
,27.2,63.3,1.32,80.96,,2025-06-05 00:00:00,,,,
,27.1,65.9,1.22,80.78,,2025-06-05 00:30:00,,,,
,25.6,71,0.95,78.08,,2025-06-05 01:00:00,,,,
,26.8,66.7,1.17,80.24,,2025-06-05 01:30:00,,,,
,26.8,66.8,1.17,80.24,,2025-06-05 02:00:00,,,,
,25.6,65.8,1.12,78.08,,2025-06-05 02:30:00,,,,
,26.9,70.4,1.05,80.42,,2025-06-05 03:00:01,,,,
,24.5,69.1,0.95,76.1,,2025-06-05 03:30:00,,,,
,24.0,73.7,0.78,75.2,,2025-06-05 04:00:00,,,,
,21.8,77.9,0.58,71.24,,2025-06-05 04:30:00,,,,
,21.4,74.4,0.65,70.52,,2025-06-05 05:00:00,,,,
,21.1,75,0.63,69.98,,2025-06-05 05:30:00,,,,
,21.3,74.4,0.65,70.34,,2025-06-05 06:00:00,,,,
,21.3,77.3,0.58,70.34,,2025-06-05 06:30:00,,,,
,21.2,78.8,0.53,70.16,,2025-06-05 07:00:00,,,,
,21.2,74.2,0.65,70.16,,2025-06-05 08:00:00,,,,
,21.1,75.3,0.62,69.98,,2025-06-05 08:30:00,,,,
,21.1,76.1,0.6,69.98,,2025-06-05 09:00:00,,,,
,21.0,76.3,0.59,69.8,,2025-06-05 09:30:00,,,,
,21.1,79.3,0.52,69.98,,2025-06-05 10:00:00,,,,
,24.5,73.9,0.8,76.1,,2025-06-05 10:30:00,,,,
,24.9,67.9,1.01,76.82,,2025-06-05 11:00:00,,,,
,24.7,70.6,0.91,76.46,,2025-06-05 11:30:00,,,,
,24.8,69.8,0.95,76.64,,2025-06-05 12:00:00,,,,
,24.4,71,0.89,75.92,,2025-06-05 12:30:00,,,,
,25.6,69.2,1.01,78.08,,2025-06-05 13:00:00,,,,
,25.4,71.5,0.92,77.72,,2025-06-05 13:30:00,,,,
,26.0,68.9,1.05,78.8,,2025-06-05 14:00:00,,,,
,25.3,66.7,1.07,77.54,,2025-06-05 14:30:00,,,,
,25.8,69.7,1.01,78.44,,2025-06-05 15:00:00,,,,
,26.2,67.2,1.12,79.16,,2025-06-05 15:30:00,,,,
,24.9,70.6,0.93,76.82,,2025-06-05 16:00:00,,,,
,26.0,69.8,1.02,78.8,,2025-06-05 16:30:00,,,,
,26.2,67.3,1.11,79.16,,2025-06-05 17:00:00,,,,
,25.2,69.8,0.97,77.36,,2025-06-05 17:30:00,,,,
,25.2,70.8,0.94,77.36,,2025-06-05 18:00:00,,,,
,26.0,70.8,0.98,78.8,,2025-06-05 18:30:00,,,,
,25.6,69.1,1.01,78.08,,2025-06-05 19:00:00,,,,
,25.3,72.8,0.88,77.54,,2025-06-05 19:30:00,,,,
,26.1,71.3,0.97,78.98,,2025-06-05 20:00:00,,,,
,25.0,71.3,0.91,77.0,,2025-06-05 20:30:00,,,,
,25.6,71,0.95,78.08,,2025-06-05 21:00:00,,,,
,24.8,70.5,0.92,76.64,,2025-06-05 21:30:00,,,,
,25.3,71.6,0.92,77.54,,2025-06-05 22:00:00,,,,
,25.3,72.6,0.88,77.54,,2025-06-05 22:30:00,,,,
,25.3,72,0.9,77.54,,2025-06-05 23:00:00,,,,
,25.0,71.2,0.91,77.0,,2025-06-05 23:30:00,,,,
,24.7,71.1,0.9,76.46,,2025-06-06 00:00:00,,,,
,24.7,71.8,0.88,76.46,,2025-06-06 00:30:00,,,,
,25.5,65.7,1.12,77.9,,2025-06-06 01:00:00,,,,
,26.6,66.2,1.18,79.88,,2025-06-06 01:30:00,,,,
,27.1,65.6,1.23,80.78,,2025-06-06 02:00:00,,,,
,26.9,65.5,1.22,80.42,,2025-06-06 02:30:00,,,,
,27.1,66.8,1.19,80.78,,2025-06-06 03:00:00,,,,
,27.5,64.5,1.3,81.5,,2025-06-06 03:30:00,,,,
,24.6,72.2,0.86,76.28,,2025-06-06 04:00:00,,,,
,21.8,77.7,0.58,71.24,,2025-06-06 04:30:00,,,,
,21.8,78.5,0.56,71.24,,2025-06-06 05:00:00,,,,
,21.8,77.3,0.59,71.24,,2025-06-06 05:30:00,,,,
,21.3,79.1,0.53,70.34,,2025-06-06 06:00:00,,,,
,21.5,75.4,0.63,70.7,,2025-06-06 06:30:00,,,,
,21.3,75.4,0.62,70.34,,2025-06-06 07:00:00,,,,
,21.1,77.1,0.57,69.98,,2025-06-06 07:30:00,,,,
,21.1,78.1,0.55,69.98,,2025-06-06 08:00:00,,,,
,21.0,78.7,0.53,69.8,,2025-06-06 08:30:00,,,,
,21.0,78,0.55,69.8,,2025-06-06 09:00:00,,,,
,20.8,79,0.52,69.44,,2025-06-06 09:30:00,,,,
,20.9,77.6,0.55,69.62,,2025-06-06 10:00:00,,,,
,25.0,70.7,0.93,77.0,,2025-06-06 10:30:00,,,,
,26.9,67.7,1.14,80.42,,2025-06-06 11:00:00,,,,
,27.2,68,1.15,80.96,,2025-06-06 11:30:00,,,,
,27.1,66.9,1.19,80.78,,2025-06-06 12:00:00,,,,
,27.2,63.8,1.31,80.96,,2025-06-06 12:30:00,,,,
,27.2,66.7,1.2,80.96,,2025-06-06 13:00:00,,,,
,27.2,66.4,1.21,80.96,,2025-06-06 13:30:00,,,,
,27.2,63.2,1.33,80.96,,2025-06-06 14:00:00,,,,
,27.3,66.5,1.22,81.14,,2025-06-06 14:30:00,,,,
,27.3,65.1,1.27,81.14,,2025-06-06 15:00:00,,,,
,27.3,63,1.34,81.14,,2025-06-06 15:30:00,,,,
,27.7,63.6,1.35,81.86,,2025-06-06 16:00:00,,,,
,27.2,67.3,1.18,80.96,,2025-06-06 17:00:00,,,,
,27.4,65.7,1.25,81.32,,2025-06-06 17:30:00,,,,
,26.9,65.3,1.23,80.42,,2025-06-06 18:00:00,,,,
,27.1,64.1,1.29,80.78,,2025-06-06 18:30:00,,,,
,27.1,65.1,1.25,80.78,,2025-06-06 19:00:00,,,,
,27.1,64,1.29,80.78,,2025-06-06 19:30:00,,,,
,27.2,64,1.3,80.96,,2025-06-06 20:00:00,,,,
,27.1,65,1.26,80.78,,2025-06-06 20:30:00,,,,
,27.0,63.9,1.29,80.6,,2025-06-06 21:00:00,,,,
,27.1,64,1.29,80.78,,2025-06-06 21:30:00,,,,
,26.0,67.3,1.1,78.8,,2025-06-06 22:00:00,,,,
,29.1,57,1.73,84.38,,2025-06-06 22:30:00,,,,
,27.4,62.5,1.37,81.32,,2025-06-06 23:00:00,,,,
,27.2,62.8,1.34,80.96,,2025-06-06 23:30:00,,,,
,27.0,64.6,1.26,80.6,,2025-06-07 00:00:00,,,,
,27.2,63.4,1.32,80.96,,2025-06-07 00:30:00,,,,
,25.5,69.1,1.01,77.9,,2025-06-07 01:00:00,,,,
,25.4,73.9,0.85,77.72,,2025-06-07 01:30:00,,,,
,25.1,72.8,0.87,77.18,,2025-06-07 02:00:00,,,,
,24.9,72.7,0.86,76.82,,2025-06-07 02:30:00,,,,
,25.2,72,0.9,77.36,,2025-06-07 03:00:00,,,,
,25.1,72.4,0.88,77.18,,2025-06-07 03:30:00,,,,
,23.8,74.8,0.74,74.84,,2025-06-07 04:00:00,,,,
,22.0,79.1,0.55,71.6,,2025-06-07 04:30:00,,,,
,21.1,77.7,0.56,69.98,,2025-06-07 05:00:00,,,,
,20.9,77.6,0.55,69.62,,2025-06-07 05:30:00,,,,
,21.0,80.8,0.48,69.8,,2025-06-07 06:00:00,,,,
,21.1,76.2,0.6,69.98,,2025-06-07 06:30:00,,,,
,20.8,80.1,0.49,69.44,,2025-06-07 07:00:00,,,,
,21.1,77.3,0.57,69.98,,2025-06-07 07:30:00,,,,
,20.8,79.9,0.49,69.44,,2025-06-07 08:30:00,,,,
,20.8,81.4,0.46,69.44,,2025-06-07 09:00:00,,,,
,20.9,76.2,0.59,69.62,,2025-06-07 09:30:00,,,,
,20.8,78.9,0.52,69.44,,2025-06-07 10:00:00,,,,
,24.4,74.3,0.79,75.92,,2025-06-07 10:30:00,,,,
,25.3,71.4,0.92,77.54,,2025-06-07 11:00:00,,,,
,25.0,74.8,0.8,77.0,,2025-06-07 12:00:00,,,,
,25.0,73.8,0.83,77.0,,2025-06-07 12:30:00,,,,
,25.0,73.4,0.84,77.0,,2025-06-07 13:00:00,,,,
,26.0,74.3,0.86,78.8,,2025-06-07 13:30:00,,,,
,25.1,72.9,0.86,77.18,,2025-06-07 14:00:00,,,,
,25.2,73.9,0.84,77.36,,2025-06-07 14:30:00,,,,
,25.0,72.8,0.86,77.0,,2025-06-07 15:30:00,,,,
,25.0,73.1,0.85,77.0,,2025-06-07 16:00:00,,,,
,25.1,72.4,0.88,77.18,,2025-06-07 16:30:00,,,,
,25.3,65.1,1.13,77.54,,2025-06-07 17:00:00,,,,
,25.6,73.5,0.87,78.08,,2025-06-07 17:30:00,,,,
,25.7,68.6,1.04,78.26,,2025-06-07 18:00:00,,,,
,26.1,67.8,1.09,78.98,,2025-06-07 19:00:00,,,,
,25.1,73.2,0.85,77.18,,2025-06-07 19:30:00,,,,
,24.7,74.1,0.81,76.46,,2025-06-07 20:00:00,,,,
,24.6,74,0.8,76.28,,2025-06-07 20:30:00,,,,
,24.8,72,0.88,76.64,,2025-06-07 21:00:00,,,,
,26.8,58,1.48,80.24,,2025-06-07 21:30:00,,,,
,25.5,69.7,0.99,77.9,,2025-06-07 22:00:00,,,,
,24.6,72.8,0.84,76.28,,2025-06-07 22:30:00,,,,
,24.8,72.6,0.86,76.64,,2025-06-07 23:00:00,,,,
,26.6,68.7,1.09,79.88,,2025-06-07 23:30:00,,,,
,27.0,72.1,0.99,80.6,,2025-06-08 00:00:01,,,,
,26.2,71.6,0.97,79.16,,2025-06-08 00:30:00,,,,
,27.0,66.7,1.19,80.6,,2025-06-08 01:00:00,,,,
,26.8,66.3,1.19,80.24,,2025-06-08 01:30:00,,,,
,26.8,66,1.2,80.24,,2025-06-08 02:00:00,,,,
,27.1,65.4,1.24,80.78,,2025-06-08 02:30:00,,,,
,27.0,65.8,1.22,80.6,,2025-06-08 03:00:00,,,,
,26.9,65.4,1.23,80.42,,2025-06-08 03:30:00,,,,
,25.0,74.3,0.81,77.0,,2025-06-08 04:00:00,,,,
,21.6,78,0.57,70.88,,2025-06-08 04:30:00,,,,
,21.1,78.7,0.53,69.98,,2025-06-08 05:00:00,,,,
,20.9,82.5,0.43,69.62,,2025-06-08 05:30:00,,,,
,21.1,80.2,0.5,69.98,,2025-06-08 06:00:00,,,,
,21.4,81.8,0.46,70.52,,2025-06-08 06:30:00,,,,
,20.7,82.1,0.44,69.26,,2025-06-08 07:00:00,,,,
,21.0,83,0.42,69.8,,2025-06-08 07:30:00,,,,
,21.3,82.9,0.43,70.34,,2025-06-08 08:00:00,,,,
,20.7,81.6,0.45,69.26,,2025-06-08 08:30:00,,,,
,20.8,80.6,0.48,69.44,,2025-06-08 09:00:00,,,,
,21.3,83.9,0.41,70.34,,2025-06-08 09:30:00,,,,
,21.0,81.6,0.46,69.8,,2025-06-08 10:00:00,,,,
,25.2,73.2,0.86,77.36,,2025-06-08 10:30:00,,,,
,27.2,68.8,1.13,80.96,,2025-06-08 11:00:00,,,,
,27.8,67.9,1.2,82.04,,2025-06-08 11:30:00,,,,
,28.2,67.5,1.24,82.76,,2025-06-08 12:00:00,,,,
,27.5,66.9,1.22,81.5,,2025-06-08 12:30:00,,,,
,28.1,67.3,1.24,82.58,,2025-06-08 13:00:00,,,,
,28.5,67,1.28,83.3,,2025-06-08 13:30:00,,,,
,28.7,64,1.42,83.66,,2025-06-08 14:00:00,,,,
,28.4,64.3,1.38,83.12,,2025-06-08 14:30:00,,,,
,28.5,66.6,1.3,83.3,,2025-06-08 15:00:00,,,,
,28.4,69.2,1.19,83.12,,2025-06-08 15:30:00,,,,
,27.6,67.4,1.2,81.68,,2025-06-08 16:00:00,,,,
,26.8,71.7,1,80.24,,2025-06-08 16:30:00,,,,
,27.1,70.2,1.07,80.78,,2025-06-08 17:00:00,,,,
,26.8,68.2,1.12,80.24,,2025-06-08 17:30:00,,,,
,26.1,73.8,0.89,78.98,,2025-06-08 18:00:00,,,,
,25.1,75.2,0.79,77.18,,2025-06-08 18:30:00,,,,
,25.9,71,0.97,78.62,,2025-06-08 19:00:00,,,,
,26.1,74.1,0.88,78.98,,2025-06-08 19:30:00,,,,
,25.2,75,0.8,77.36,,2025-06-08 20:00:00,,,,
,26.0,71.3,0.96,78.8,,2025-06-08 20:30:00,,,,
,25.1,75,0.8,77.18,,2025-06-08 21:00:00,,,,
,25.1,76.1,0.76,77.18,,2025-06-08 21:30:00,,,,
,24.5,77.8,0.68,76.1,,2025-06-08 22:00:00,,,,
,26.8,65.2,1.23,80.24,,2025-06-08 22:30:00,,,,
,24.8,70.1,0.94,76.64,,2025-06-08 23:00:00,,,,
,25.3,69.7,0.98,77.54,,2025-06-08 23:30:00,,,,
,26.3,66.7,1.14,79.34,,2025-06-09 00:00:01,,,,
,25.6,73.8,0.86,78.08,,2025-06-09 00:30:00,,,,
,25.5,75.6,0.8,77.9,,2025-06-09 01:00:00,,,,
,25.7,75.4,0.81,78.26,,2025-06-09 01:30:00,,,,
,25.4,72.8,0.88,77.72,,2025-06-09 02:00:00,,,,
,25.9,75,0.84,78.62,,2025-06-09 02:30:00,,,,
,26.2,74.8,0.86,79.16,,2025-06-09 03:00:00,,,,
,26.3,72.5,0.94,79.34,,2025-06-09 03:30:00,,,,
,23.4,77.5,0.65,74.12,,2025-06-09 04:00:00,,,,
,21.0,80.5,0.48,69.8,,2025-06-09 04:30:00,,,,
,20.7,81.8,0.44,69.26,,2025-06-09 05:00:00,,,,
,20.8,81.9,0.44,69.44,,2025-06-09 05:30:00,,,,
,20.8,82.2,0.44,69.44,,2025-06-09 06:00:00,,,,
,20.4,80.8,0.46,68.72,,2025-06-09 06:30:00,,,,
,20.5,81.5,0.45,68.9,,2025-06-09 07:00:00,,,,
,20.0,82.4,0.41,68.0,,2025-06-09 07:30:00,,,,
,20.1,81.8,0.43,68.18,,2025-06-09 08:00:00,,,,
,20.1,81.8,0.43,68.18,,2025-06-09 08:30:00,,,,
,20.0,82.6,0.41,68.0,,2025-06-09 09:00:00,,,,
,19.8,82.3,0.41,67.64,,2025-06-09 09:30:00,,,,
,19.8,82.7,0.4,67.64,,2025-06-09 10:00:00,,,,
,22.8,76.8,0.64,73.04,,2025-06-09 10:30:00,,,,
,24.7,74.9,0.78,76.46,,2025-06-09 11:00:00,,,,
,24.9,74.4,0.81,76.82,,2025-06-09 11:30:00,,,,
,25.1,74,0.83,77.18,,2025-06-09 12:00:00,,,,
,25.2,73.4,0.85,77.36,,2025-06-09 12:30:00,,,,
,25.5,73.9,0.85,77.9,,2025-06-09 13:00:00,,,,
,25.2,73.2,0.86,77.36,,2025-06-09 13:30:00,,,,
,25.3,72,0.9,77.54,,2025-06-09 14:00:00,,,,
,25.3,71.6,0.92,77.54,,2025-06-09 14:30:00,,,,
,25.3,71.9,0.91,77.54,,2025-06-09 15:00:00,,,,
,25.3,71.2,0.93,77.54,,2025-06-09 15:30:00,,,,
,25.4,71.3,0.93,77.72,,2025-06-09 16:00:00,,,,
,25.2,72.4,0.88,77.36,,2025-06-09 16:30:00,,,,
,25.3,71.8,0.91,77.54,,2025-06-09 17:00:00,,,,
,25.5,73,0.88,77.9,,2025-06-09 17:30:00,,,,
,25.6,72.8,0.89,78.08,,2025-06-09 18:00:00,,,,
,25.5,72.5,0.9,77.9,,2025-06-09 18:30:00,,,,
,25.7,72.4,0.91,78.26,,2025-06-09 19:00:00,,,,
,25.5,74.4,0.84,77.9,,2025-06-09 19:30:00,,,,
,25.5,75.7,0.79,77.9,,2025-06-09 20:00:00,,,,
,25.4,76.9,0.75,77.72,,2025-06-09 20:30:00,,,,
,25.6,77.4,0.74,78.08,,2025-06-09 21:00:00,,,,
,25.9,75.9,0.81,78.62,,2025-06-09 21:30:00,,,,
,25.7,75.6,0.81,78.26,,2025-06-09 22:00:00,,,,
,26.4,76.1,0.82,79.52,,2025-06-09 22:30:00,,,,
,26.5,74.8,0.87,79.7,,2025-06-09 23:00:00,,,,
,25.9,74.6,0.85,78.62,,2025-06-09 23:30:00,,,,
,26.5,74.9,0.87,79.7,,2025-06-10 00:00:00,,,,
,26.7,75.4,0.86,80.06,,2025-06-10 00:30:00,,,,
,27.0,71.8,1.01,80.6,,2025-06-10 01:00:00,,,,
,27.3,69.4,1.11,81.14,,2025-06-10 01:30:00,,,,
,27.9,68.1,1.2,82.22,,2025-06-10 02:00:00,,,,
,27.8,69.6,1.14,82.04,,2025-06-10 02:30:00,,,,
,27.3,69.1,1.12,81.14,,2025-06-10 03:00:00,,,,
,27.9,67.4,1.23,82.22,,2025-06-10 03:30:00,,,,
,23.9,67.8,0.96,75.02,,2025-06-10 04:00:00,,,,
,20.7,76.1,0.58,69.26,,2025-06-10 04:30:00,,,,
,20.6,77.4,0.55,69.08,,2025-06-10 05:00:00,,,,
,20.3,79.7,0.48,68.54,,2025-06-10 05:30:00,,,,
,20.1,77,0.54,68.18,,2025-06-10 06:00:00,,,,
,20.3,78,0.52,68.54,,2025-06-10 07:00:00,,,,
,20.2,79.1,0.49,68.36,,2025-06-10 07:30:00,,,,
,20.0,79.3,0.48,68.0,,2025-06-10 08:00:00,,,,
,19.7,77.1,0.53,67.46,,2025-06-10 08:30:00,,,,
,20.5,78.9,0.51,68.9,,2025-06-10 09:00:00,,,,
,20.4,78,0.53,68.72,,2025-06-10 09:30:00,,,,
,23.9,74.7,0.75,75.02,,2025-06-10 10:30:00,,,,
,26.8,71.1,1.02,80.24,,2025-06-10 11:00:00,,,,
,26.0,69.8,1.02,78.8,,2025-06-10 11:30:00,,,,
,26.5,70.5,1.02,79.7,,2025-06-10 12:00:00,,,,
,26.5,70,1.04,79.7,,2025-06-10 12:30:00,,,,
,26.3,69.9,1.03,79.34,,2025-06-10 13:00:00,,,,
,26.6,67.9,1.12,79.88,,2025-06-10 14:00:00,,,,
,26.7,68.1,1.12,80.06,,2025-06-10 14:30:00,,,,
,26.5,69.5,1.06,79.7,,2025-06-10 15:00:00,,,,
,26.4,66.7,1.15,79.52,,2025-06-10 15:30:00,,,,
,26.6,66.8,1.16,79.88,,2025-06-10 16:00:00,,,,
,26.7,68.6,1.1,80.06,,2025-06-10 16:30:00,,,,
,26.7,68.8,1.09,80.06,,2025-06-10 17:30:00,,,,
,26.3,67.1,1.13,79.34,,2025-06-10 18:00:00,,,,
,26.7,68.7,1.1,80.06,,2025-06-10 18:30:00,,,,
,26.3,66.8,1.14,79.34,,2025-06-10 19:00:00,,,,
,26.5,69.3,1.06,79.7,,2025-06-10 19:30:00,,,,
,26.2,67,1.12,79.16,,2025-06-10 20:00:00,,,,
,26.0,66.7,1.12,78.8,,2025-06-10 20:30:00,,,,
,26.0,67.2,1.1,78.8,,2025-06-10 21:00:00,,,,
,25.9,66.6,1.12,78.62,,2025-06-10 21:30:00,,,,
,25.6,68.4,1.04,78.08,,2025-06-10 22:00:00,,,,
,25.7,66.5,1.11,78.26,,2025-06-10 22:30:00,,,,
,25.6,67.2,1.08,78.08,,2025-06-10 23:00:00,,,,
,25.5,67.1,1.07,77.9,,2025-06-10 23:30:00,,,,
,25.4,66.5,1.09,77.72,,2025-06-11 00:00:00,,,,
,25.2,67.3,1.05,77.36,,2025-06-11 00:30:00,,,,
,25.1,63.2,1.17,77.18,,2025-06-11 01:00:00,,,,
,25.0,67,1.05,77.0,,2025-06-11 01:30:00,,,,
,24.9,67.7,1.02,76.82,,2025-06-11 02:00:00,,,,
,25.0,66.8,1.05,77.0,,2025-06-11 02:30:00,,,,
,24.9,66.7,1.05,76.82,,2025-06-11 03:00:00,,,,
,26.7,60.9,1.37,80.06,,2025-06-11 03:30:00,,,,
,22.7,70.6,0.81,72.86,,2025-06-11 04:00:00,,,,
,20.0,81.4,0.43,68.0,,2025-06-11 04:30:00,,,,
,19.7,82.8,0.39,67.46,,2025-06-11 05:00:00,,,,
,19.6,82,0.41,67.28,,2025-06-11 05:30:00,,,,
,19.9,81.6,0.43,67.82,,2025-06-11 06:00:01,,,,
,19.5,82.7,0.39,67.1,,2025-06-11 06:30:00,,,,
,19.7,83.6,0.38,67.46,,2025-06-11 07:00:00,,,,
,19.5,84.2,0.36,67.1,,2025-06-11 07:30:00,,,,
,19.7,84.7,0.35,67.46,,2025-06-11 08:00:00,,,,
,19.4,82.5,0.39,66.92,,2025-06-11 08:30:00,,,,
,19.6,84.5,0.35,67.28,,2025-06-11 09:00:00,,,,
,19.5,83.4,0.38,67.1,,2025-06-11 09:30:00,,,,
,19.7,79.6,0.47,67.46,,2025-06-11 10:00:00,,,,
,24.1,76.2,0.71,75.38,,2025-06-11 10:30:00,,,,
,26.3,61.8,1.31,79.34,,2025-06-11 11:00:00,,,,
,27.2,63.9,1.3,80.96,,2025-06-11 11:30:00,,,,
,27.6,63.5,1.35,81.68,,2025-06-11 12:00:00,,,,
,27.5,62.2,1.39,81.5,,2025-06-11 12:30:00,,,,
,26.9,62.1,1.34,80.42,,2025-06-11 13:00:00,,,,
,27.8,62.5,1.4,82.04,,2025-06-11 13:30:00,,,,
,28.0,63.2,1.39,82.4,,2025-06-11 14:00:00,,,,
,26.0,62.7,1.25,78.8,,2025-06-11 14:30:00,,,,
,24.8,69,0.97,76.64,,2025-06-11 15:00:00,,,,
,24.4,70.5,0.9,75.92,,2025-06-11 15:30:00,,,,
,24.1,69.9,0.9,75.38,,2025-06-11 16:00:00,,,,
,23.9,69.9,0.89,75.02,,2025-06-11 16:30:00,,,,
,23.8,71.5,0.84,74.84,,2025-06-11 17:00:00,,,,
,23.7,72.3,0.81,74.66,,2025-06-11 17:30:00,,,,
,23.7,71.9,0.82,74.66,,2025-06-11 18:00:00,,,,
,23.7,72.4,0.81,74.66,,2025-06-11 18:30:00,,,,
,23.5,73.1,0.78,74.3,,2025-06-11 19:00:00,,,,
,23.5,72.8,0.79,74.3,,2025-06-11 19:30:00,,,,
,23.6,73.1,0.78,74.48,,2025-06-11 20:00:00,,,,
,23.5,73,0.78,74.3,,2025-06-11 20:30:00,,,,
,23.6,72.8,0.79,74.48,,2025-06-11 21:00:00,,,,
,23.6,71.6,0.83,74.48,,2025-06-11 21:30:00,,,,
,23.6,72.5,0.8,74.48,,2025-06-11 22:00:00,,,,
,23.6,72,0.82,74.48,,2025-06-11 22:30:00,,,,
,23.8,71.2,0.85,74.84,,2025-06-11 23:00:00,,,,
,23.9,72.2,0.82,75.02,,2025-06-11 23:30:00,,,,
,23.9,71.6,0.84,75.02,,2025-06-12 00:00:00,,,,
,23.9,69,0.92,75.02,,2025-06-12 00:30:00,,,,
,23.6,71,0.84,74.48,,2025-06-12 01:00:00,,,,
,23.7,69.5,0.89,74.66,,2025-06-12 01:30:00,,,,
,23.7,70,0.88,74.66,,2025-06-12 02:00:00,,,,
,23.8,70.2,0.88,74.84,,2025-06-12 02:30:00,,,,
,23.8,70,0.88,74.84,,2025-06-12 03:00:00,,,,
,22.8,78.2,0.61,73.04,,2025-06-12 03:30:00,,,,
,20.9,83.6,0.41,69.62,,2025-06-12 04:00:00,,,,
,19.2,90.6,0.21,66.56,,2025-06-12 04:30:00,,,,
,19.4,91.4,0.19,66.92,,2025-06-12 05:00:00,,,,
,19.0,91.8,0.18,66.2,,2025-06-12 05:30:00,,,,
,19.0,92.3,0.17,66.2,,2025-06-12 06:00:00,,,,
,18.9,91.3,0.19,66.02,,2025-06-12 06:30:00,,,,
,19.1,92,0.18,66.38,,2025-06-12 07:00:00,,,,
,18.8,91.7,0.18,65.84,,2025-06-12 07:30:00,,,,
,19.3,91.7,0.19,66.74,,2025-06-12 08:00:00,,,,
,19.1,91.3,0.19,66.38,,2025-06-12 08:30:00,,,,
,18.9,91.5,0.19,66.02,,2025-06-12 09:00:00,,,,
,19.5,91.9,0.18,67.1,,2025-06-12 09:30:00,,,,
,19.0,91.4,0.19,66.2,,2025-06-12 10:00:00,,,,
,21.8,89,0.29,71.24,,2025-06-12 10:30:00,,,,
,21.9,80.7,0.51,71.42,,2025-06-12 11:00:00,,,,
,22.4,80,0.54,72.32,,2025-06-12 11:30:00,,,,
,22.7,80.6,0.54,72.86,,2025-06-12 12:00:01,,,,
,22.4,79.8,0.55,72.32,,2025-06-12 12:30:00,,,,
,23.9,74.9,0.74,75.02,,2025-06-12 13:00:00,,,,
,24.2,73.4,0.8,75.56,,2025-06-12 13:30:00,,,,
,23.7,74.5,0.75,74.66,,2025-06-12 14:00:00,,,,
,23.6,73.5,0.77,74.48,,2025-06-12 14:30:00,,,,
,23.5,73.1,0.78,74.3,,2025-06-12 15:00:00,,,,
,23.5,73.6,0.76,74.3,,2025-06-12 15:30:00,,,,
,23.9,73.6,0.78,75.02,,2025-06-12 16:00:00,,,,
,23.6,73.5,0.77,74.48,,2025-06-12 16:30:00,,,,
,23.6,74.7,0.74,74.48,,2025-06-12 17:00:00,,,,
,23.5,74.7,0.73,74.3,,2025-06-12 17:30:00,,,,
,22.2,80.8,0.51,71.96,,2025-06-12 18:00:00,,,,
,27.1,59.3,1.46,80.78,,2025-06-12 18:30:00,,,,
,27.3,56.4,1.58,81.14,,2025-06-12 19:00:00,,,,
,27.3,55.9,1.6,81.14,,2025-06-12 19:30:00,,,,
,27.5,56.4,1.6,81.5,,2025-06-12 20:00:00,,,,
,27.5,56.7,1.59,81.5,,2025-06-12 20:30:00,,,,
,27.6,55.1,1.66,81.68,,2025-06-12 21:00:00,,,,
,22.5,78.5,0.59,72.5,,2025-06-12 21:30:00,,,,
,22.3,79.2,0.56,72.14,,2025-06-12 22:00:00,,,,
,22.1,83.7,0.43,71.78,,2025-06-12 22:30:00,,,,
,25.5,71.5,0.93,77.9,,2025-06-12 23:00:00,,,,
,26.1,66.8,1.12,78.98,,2025-06-12 23:30:00,,,,
,25.8,70,1,78.44,,2025-06-13 00:00:00,,,,
,25.7,69.4,1.01,78.26,,2025-06-13 00:30:00,,,,
,25.8,69.3,1.02,78.44,,2025-06-13 01:00:00,,,,
,25.8,68.7,1.04,78.44,,2025-06-13 01:30:00,,,,
,25.6,69.6,1,78.08,,2025-06-13 02:00:00,,,,
,25.5,68.5,1.03,77.9,,2025-06-13 02:30:00,,,,
,25.5,69.2,1.01,77.9,,2025-06-13 03:00:00,,,,
,25.5,69.9,0.98,77.9,,2025-06-13 03:30:00,,,,
,22.9,76.7,0.65,73.22,,2025-06-13 04:00:00,,,,
,19.8,87.3,0.29,67.64,,2025-06-13 04:30:00,,,,
,19.8,88.4,0.27,67.64,,2025-06-13 05:30:00,,,,
,19.9,87,0.3,67.82,,2025-06-13 06:00:00,,,,
,19.8,87.5,0.29,67.64,,2025-06-13 06:30:00,,,,
,19.9,88.3,0.27,67.82,,2025-06-13 07:00:00,,,,
,19.2,85.2,0.33,66.56,,2025-06-13 07:30:00,,,,
,19.7,87.2,0.29,67.46,,2025-06-13 08:00:00,,,,
,19.4,84,0.36,66.92,,2025-06-13 09:00:00,,,,
,19.3,86.4,0.3,66.74,,2025-06-13 09:30:00,,,,
,19.8,86.3,0.32,67.64,,2025-06-13 10:00:00,,,,
,23.0,77.5,0.63,73.4,,2025-06-13 10:30:00,,,,
,26.3,69.3,1.05,79.34,,2025-06-13 11:00:00,,,,
,26.0,68.3,1.07,78.8,,2025-06-13 11:30:00,,,,
,25.8,68,1.06,78.44,,2025-06-13 12:30:00,,,,
,25.9,69.3,1.03,78.62,,2025-06-13 13:00:00,,,,
,26.4,68.6,1.08,79.52,,2025-06-13 13:30:00,,,,
,26.2,66.7,1.13,79.16,,2025-06-13 14:00:00,,,,
,26.2,66.6,1.14,79.16,,2025-06-13 14:30:00,,,,
,26.1,66.8,1.12,78.98,,2025-06-13 15:00:00,,,,
,26.2,67.2,1.12,79.16,,2025-06-13 15:30:00,,,,
,26.2,67,1.12,79.16,,2025-06-13 16:00:00,,,,
,26.1,67.1,1.11,78.98,,2025-06-13 16:30:00,,,,
,26.2,68.1,1.09,79.16,,2025-06-13 17:00:00,,,,
,26.2,68.9,1.06,79.16,,2025-06-13 17:30:00,,,,
,26.2,66.8,1.13,79.16,,2025-06-13 18:00:00,,,,
,26.3,67.7,1.11,79.34,,2025-06-13 18:30:00,,,,
,26.4,68.8,1.07,79.52,,2025-06-13 19:00:00,,,,
,26.4,67.6,1.12,79.52,,2025-06-13 19:30:00,,,,
,26.5,68.7,1.08,79.7,,2025-06-13 20:00:00,,,,
,26.4,68.6,1.08,79.52,,2025-06-13 20:30:00,,,,
,26.5,67.2,1.14,79.7,,2025-06-13 21:00:00,,,,
,24.4,75.6,0.75,75.92,,2025-06-13 21:30:00,,,,
,24.5,74.7,0.78,76.1,,2025-06-13 22:00:00,,,,
,24.3,70.9,0.88,75.74,,2025-06-13 22:30:00,,,,
,24.6,74.5,0.79,76.28,,2025-06-13 23:00:00,,,,
,24.9,76.3,0.75,76.82,,2025-06-13 23:30:00,,,,
,24.6,75.3,0.76,76.28,,2025-06-14 00:00:00,,,,
,24.9,78.1,0.69,76.82,,2025-06-14 00:30:00,,,,
,27.1,69.1,1.11,80.78,,2025-06-14 01:00:00,,,,
,26.9,71,1.03,80.42,,2025-06-14 01:30:00,,,,
,26.8,70.5,1.04,80.24,,2025-06-14 02:00:00,,,,
,26.8,68.7,1.1,80.24,,2025-06-14 02:30:00,,,,
,25.6,73.1,0.88,78.08,,2025-06-14 03:00:00,,,,
,25.7,73.7,0.87,78.26,,2025-06-14 03:30:00,,,,
,22.6,77.8,0.61,72.68,,2025-06-14 04:00:00,,,,
,19.4,82.5,0.39,66.92,,2025-06-14 04:30:00,,,,
,19.3,83.8,0.36,66.74,,2025-06-14 05:00:00,,,,
,19.4,82.5,0.39,66.92,,2025-06-14 05:30:00,,,,
,19.9,82.7,0.4,67.82,,2025-06-14 06:00:00,,,,
,19.5,82.1,0.41,67.1,,2025-06-14 06:30:00,,,,
,19.5,82.4,0.4,67.1,,2025-06-14 07:00:00,,,,
,20.0,83.2,0.39,68.0,,2025-06-14 07:30:00,,,,
,19.9,82.7,0.4,67.82,,2025-06-14 08:00:00,,,,
,20.0,83.6,0.38,68.0,,2025-06-14 08:30:00,,,,
,19.3,84.8,0.34,66.74,,2025-06-14 09:00:00,,,,
,20.0,84.1,0.37,68.0,,2025-06-14 09:30:00,,,,
,19.9,83.1,0.39,67.82,,2025-06-14 10:00:00,,,,
,22.6,80.6,0.53,72.68,,2025-06-14 10:30:00,,,,
,24.2,74.5,0.77,75.56,,2025-06-14 11:00:00,,,,
,24.1,73.9,0.78,75.38,,2025-06-14 11:30:00,,,,
,24.1,74.5,0.77,75.38,,2025-06-14 12:00:00,,,,
,24.4,78.3,0.66,75.92,,2025-06-15 00:30:00,,,,
,24.4,78,0.67,75.92,,2025-06-15 01:00:00,,,,
,25.8,68,1.06,78.44,,2025-06-14 12:30:00,,,,
,25.9,69.3,1.03,78.62,,2025-06-14 13:00:00,,,,
,26.4,68.6,1.08,79.52,,2025-06-14 13:30:00,,,,
,26.2,66.7,1.13,79.16,,2025-06-14 14:00:00,,,,
,26.2,66.6,1.14,79.16,,2025-06-14 14:30:00,,,,
,26.1,66.8,1.12,78.98,,2025-06-14 15:00:00,,,,
,26.2,67.2,1.12,79.16,,2025-06-14 15:30:00,,,,
,26.2,67,1.12,79.16,,2025-06-14 16:00:00,,,,
,26.1,67.1,1.11,78.98,,2025-06-14 16:30:00,,,,
,26.2,68.1,1.09,79.16,,2025-06-14 17:00:00,,,,
,26.2,68.9,1.06,79.16,,2025-06-14 17:30:00,,,,
,26.2,66.8,1.13,79.16,,2025-06-14 18:00:00,,,,
,26.3,67.7,1.11,79.34,,2025-06-14 18:30:00,,,,
,26.4,68.8,1.07,79.52,,2025-06-14 19:00:00,,,,
,26.4,67.6,1.12,79.52,,2025-06-14 19:30:00,,,,
,26.5,68.7,1.08,79.7,,2025-06-14 20:00:00,,,,
,26.4,68.6,1.08,79.52,,2025-06-14 20:30:00,,,,
,26.5,67.2,1.14,79.7,,2025-06-14 21:00:00,,,,
,24.4,75.6,0.75,75.92,,2025-06-14 21:30:00,,,,
,24.5,74.7,0.78,76.1,,2025-06-14 22:00:00,,,,
,24.3,70.9,0.88,75.74,,2025-06-14 22:30:00,,,,
,24.6,74.5,0.79,76.28,,2025-06-14 23:00:00,,,,
,24.9,76.3,0.75,76.82,,2025-06-14 23:30:00,,,,
,24.6,75.3,0.76,76.28,,2025-06-15 00:00:00,,,,
,23.1,80.9,0.54,73.58,,2025-06-15 01:30:00,,,,
,22.9,81.1,0.53,73.22,,2025-06-15 02:00:00,,,,
,22.6,85.4,0.4,72.68,,2025-06-15 02:30:00,,,,
,23.7,80.5,0.57,74.66,,2025-06-15 03:00:00,,,,
,24.6,74.4,0.79,76.28,,2025-06-15 03:30:00,,,,
,22.4,77.7,0.6,72.32,,2025-06-15 04:00:00,,,,
,19.7,81.7,0.42,67.46,,2025-06-15 04:30:00,,,,
,19.2,82.7,0.38,66.56,,2025-06-15 05:00:00,,,,
,19.3,82.5,0.39,66.74,,2025-06-15 05:30:00,,,,
,19.2,83.3,0.37,66.56,,2025-06-15 06:00:00,,,,
,19.1,82.3,0.39,66.38,,2025-06-15 06:30:00,,,,
,19.1,85.4,0.32,66.38,,2025-06-15 07:00:00,,,,
,19.4,82.5,0.39,66.92,,2025-06-15 08:00:00,,,,
,19.7,83,0.39,67.46,,2025-06-15 08:30:00,,,,
,20.1,82.3,0.42,68.18,,2025-06-15 09:00:00,,,,
,19.8,83.3,0.39,67.64,,2025-06-15 09:30:00,,,,
,19.2,83.1,0.38,66.56,,2025-06-15 10:00:00,,,,
,22.2,77.8,0.59,71.96,,2025-06-15 10:30:00,,,,
,23.6,75.2,0.72,74.48,,2025-06-15 11:30:00,,,,
,23.6,73.3,0.78,74.48,,2025-06-15 12:00:00,,,,
,23.6,75,0.73,74.48,,2025-06-15 12:30:00,,,,
,23.7,73.7,0.77,74.66,,2025-06-15 13:00:00,,,,
,23.8,73.5,0.78,74.84,,2025-06-15 13:30:00,,,,
,23.9,73.5,0.79,75.02,,2025-06-15 14:00:00,,,,
,24.0,73.9,0.78,75.2,,2025-06-15 15:00:00,,,,
,24.2,74.7,0.76,75.56,,2025-06-15 15:30:00,,,,
,24.3,74.3,0.78,75.74,,2025-06-15 16:00:00,,,,
,24.5,74.3,0.79,76.1,,2025-06-15 16:30:00,,,,
,24.4,75.9,0.74,75.92,,2025-06-15 17:00:00,,,,
,24.5,74.6,0.78,76.1,,2025-06-15 17:30:00,,,,
,24.6,75.3,0.76,76.28,,2025-06-15 18:00:00,,,,
,24.3,83.5,0.5,75.74,,2025-06-15 18:30:00,,,,
,24.2,83.5,0.5,75.56,,2025-06-15 19:00:00,,,,
,24.1,84.4,0.47,75.38,,2025-06-15 19:30:00,,,,
,24.0,85.4,0.44,75.2,,2025-06-15 20:00:00,,,,
,24.1,85.1,0.45,75.38,,2025-06-15 20:30:00,,,,
,24.1,85.4,0.44,75.38,,2025-06-15 21:00:00,,,,
,24.3,84.6,0.47,75.74,,2025-06-15 21:30:00,,,,
,24.4,85.5,0.44,75.92,,2025-06-15 22:00:00,,,,
,24.3,84.9,0.46,75.74,,2025-06-15 22:30:00,,,,
,24.2,84.2,0.48,75.56,,2025-06-15 23:00:00,,,,
,24.3,83.3,0.51,75.74,,2025-06-15 23:30:00,,,,
,24.0,82.9,0.51,75.2,,2025-06-16 00:00:00,,,,
,24.4,84.6,0.47,75.92,,2025-06-16 00:30:00,,,,
,24.6,83.9,0.5,76.28,,2025-06-16 01:00:00,,,,
,24.6,84.4,0.48,76.28,,2025-06-16 01:30:00,,,,
,24.6,84.9,0.47,76.28,,2025-06-16 02:00:00,,,,
,24.6,85.2,0.46,76.28,,2025-06-16 02:30:00,,,,
,24.5,85.4,0.45,76.1,,2025-06-16 03:00:00,,,,
,24.5,85.4,0.45,76.1,,2025-06-16 03:30:00,,,,
,22.5,88.1,0.32,72.5,,2025-06-16 04:00:00,,,,
,20.4,89.6,0.25,68.72,,2025-06-16 04:30:00,,,,
,19.8,90.6,0.22,67.64,,2025-06-16 05:00:00,,,,
,19.6,90.8,0.21,67.28,,2025-06-16 05:30:00,,,,
,19.4,90.9,0.21,66.92,,2025-06-16 06:00:00,,,,
,19.4,90.2,0.22,66.92,,2025-06-16 06:30:00,,,,
,19.3,90.2,0.22,66.74,,2025-06-16 07:00:00,,,,
,19.2,90.7,0.21,66.56,,2025-06-16 07:30:00,,,,
,19.1,89.9,0.22,66.38,,2025-06-16 08:00:00,,,,
,20.0,89.1,0.25,68.0,,2025-06-16 08:30:00,,,,
,19.1,89.6,0.23,66.38,,2025-06-16 09:00:00,,,,
,19.3,88.7,0.25,66.74,,2025-06-16 09:30:00,,,,
,19.6,88.9,0.25,67.28,,2025-06-16 10:00:00,,,,
,22.1,85.9,0.38,71.78,,2025-06-16 10:30:00,,,,
,23.1,83.5,0.47,73.58,,2025-06-16 11:00:00,,,,
,23.4,82.6,0.5,74.12,,2025-06-16 11:30:00,,,,
,23.5,83.4,0.48,74.3,,2025-06-16 12:00:00,,,,
,23.7,82.7,0.51,74.66,,2025-06-16 12:30:00,,,,
,23.7,83.3,0.49,74.66,,2025-06-16 13:00:00,,,,
,24.0,82.9,0.51,75.2,,2025-06-16 13:30:00,,,,
,24.1,83.4,0.5,75.38,,2025-06-16 14:00:00,,,,
,24.1,83.2,0.5,75.38,,2025-06-16 14:30:00,,,,
,24.2,82.8,0.52,75.56,,2025-06-16 15:00:00,,,,
,24.1,83.7,0.49,75.38,,2025-06-16 15:30:00,,,,
,24.2,83.2,0.51,75.56,,2025-06-16 16:00:00,,,,
,24.2,83.1,0.51,75.56,,2025-06-16 16:30:00,,,,
,24.2,83.8,0.49,75.56,,2025-06-16 17:00:00,,,,
,24.0,84.1,0.47,75.2,,2025-06-16 17:30:00,,,,
,24.1,84.9,0.45,75.38,,2025-06-16 18:00:00,,,,
,24.1,84.4,0.47,75.38,,2025-06-16 18:30:00,,,,
,24.2,83.7,0.49,75.56,,2025-06-16 19:00:00,,,,
,24.2,83.9,0.49,75.56,,2025-06-16 19:30:00,,,,
,24.2,83.6,0.5,75.56,,2025-06-16 20:00:00,,,,
,24.4,83.5,0.5,75.92,,2025-06-16 20:30:00,,,,
,24.4,83.8,0.5,75.92,,2025-06-16 21:00:00,,,,
,24.6,84,0.49,76.28,,2025-06-16 21:30:00,,,,
,24.7,83.2,0.52,76.46,,2025-06-16 22:00:00,,,,
,24.8,84.3,0.49,76.64,,2025-06-16 22:30:00,,,,
,25.8,83.9,0.53,78.44,,2025-06-16 23:00:00,,,,
,27.1,81.4,0.67,80.78,,2025-06-16 23:30:00,,,,
,27.5,80.8,0.7,81.5,,2025-06-17 00:00:00,,,,
,27.9,80.7,0.73,82.22,,2025-06-17 00:30:00,,,,
,27.8,80.5,0.73,82.04,,2025-06-17 01:00:00,,,,
,28.0,80.6,0.73,82.4,,2025-06-17 01:30:00,,,,
,28.0,80.6,0.73,82.4,,2025-06-17 02:00:00,,,,
,28.0,80.2,0.75,82.4,,2025-06-17 02:30:00,,,,
,28.0,80.6,0.73,82.4,,2025-06-17 03:00:00,,,,
,27.9,81.3,0.7,82.22,,2025-06-17 03:30:00,,,,
,25.2,83.3,0.54,77.36,,2025-06-17 04:00:00,,,,
,21.7,89.7,0.27,71.06,,2025-06-17 04:30:00,,,,
,20.9,90.4,0.24,69.62,,2025-06-17 05:00:00,,,,
,20.4,90,0.24,68.72,,2025-06-17 05:30:00,,,,
,20.0,91,0.21,68.0,,2025-06-17 06:00:00,,,,
,19.9,90.4,0.22,67.82,,2025-06-17 06:30:00,,,,
,19.6,90.8,0.21,67.28,,2025-06-17 07:00:00,,,,
,19.5,90.8,0.21,67.1,,2025-06-17 07:30:00,,,,
,19.3,90.5,0.21,66.74,,2025-06-17 08:00:00,,,,
,19.1,90.6,0.21,66.38,,2025-06-17 08:30:00,,,,
,19.5,90.1,0.22,67.1,,2025-06-17 09:00:00,,,,
,19.2,89.5,0.23,66.56,,2025-06-17 09:30:00,,,,
,20.0,92.2,0.18,68.0,,2025-06-17 10:00:00,,,,
,22.7,87.9,0.33,72.86,,2025-06-17 10:30:00,,,,
,25.1,83.6,0.52,77.18,,2025-06-17 11:00:00,,,,
,25.8,83.2,0.56,78.44,,2025-06-17 11:30:00,,,,
,26.0,83.5,0.55,78.8,,2025-06-17 12:00:00,,,,
,26.2,83.8,0.55,79.16,,2025-06-17 12:30:00,,,,
,26.1,84.1,0.54,78.98,,2025-06-17 13:00:00,,,,
,26.5,83.6,0.57,79.7,,2025-06-17 13:30:00,,,,
,26.5,83.9,0.56,79.7,,2025-06-17 14:00:00,,,,
,26.5,84.6,0.53,79.7,,2025-06-17 14:30:00,,,,
,26.5,84.7,0.53,79.7,,2025-06-17 15:00:00,,,,
,26.6,84.4,0.54,79.88,,2025-06-17 15:30:00,,,,
,26.7,84.3,0.55,80.06,,2025-06-17 16:00:00,,,,
,26.7,84.6,0.54,80.06,,2025-06-17 16:30:00,,,,
,26.8,85.1,0.53,80.24,,2025-06-17 17:00:00,,,,
,26.0,80,0.67,78.8,,2025-06-17 17:30:00,,,,
,26.9,73.5,0.94,80.42,,2025-06-17 18:00:00,,,,
,27.0,73.3,0.95,80.6,,2025-06-17 18:30:00,,,,
,27.0,72.5,0.98,80.6,,2025-06-17 19:00:00,,,,
,27.1,71.8,1.01,80.78,,2025-06-17 19:30:00,,,,
,27.3,71.6,1.03,81.14,,2025-06-17 20:00:00,,,,
,27.4,70.3,1.08,81.32,,2025-06-17 20:30:00,,,,
,27.5,70.2,1.09,81.5,,2025-06-17 21:00:00,,,,
,26.2,86,0.48,79.16,,2025-06-17 21:30:00,,,,
,26.4,87.2,0.44,79.52,,2025-06-17 22:00:00,,,,
,25.6,86.3,0.45,78.08,,2025-06-17 22:30:00,,,,
,26.5,81.1,0.65,79.7,,2025-06-17 23:00:00,,,,
,27.6,77,0.85,81.68,,2025-06-17 23:30:00,,,,
,27.9,79.1,0.79,82.22,,2025-06-18 00:00:00,,,,
,28.1,76.1,0.91,82.58,,2025-06-18 00:30:00,,,,
,28.0,75.4,0.93,82.4,,2025-06-18 01:00:00,,,,
,28.1,77.9,0.84,82.58,,2025-06-18 01:30:00,,,,
,28.1,75,0.95,82.58,,2025-06-18 02:00:00,,,,
,27.3,77.1,0.83,81.14,,2025-06-18 03:00:00,,,,
,27.1,77.1,0.82,80.78,,2025-06-18 03:30:00,,,,
,24.3,78.1,0.67,75.74,,2025-06-18 04:00:00,,,,
,21.2,86.1,0.35,70.16,,2025-06-18 04:30:00,,,,
,20.4,82.7,0.41,68.72,,2025-06-18 05:00:00,,,,
,20.2,81.1,0.45,68.36,,2025-06-18 05:30:00,,,,
,20.0,82.8,0.4,68.0,,2025-06-18 06:00:00,,,,
,19.7,86,0.32,67.46,,2025-06-18 07:00:00,,,,
,19.6,85.1,0.34,67.28,,2025-06-18 07:30:00,,,,
,19.6,82.4,0.4,67.28,,2025-06-18 08:00:00,,,,
,19.5,83.9,0.36,67.1,,2025-06-18 08:30:00,,,,
,19.5,86.2,0.31,67.1,,2025-06-18 09:00:00,,,,
,19.4,81.7,0.41,66.92,,2025-06-18 09:30:00,,,,
,23.2,78.7,0.61,73.76,,2025-06-18 10:30:00,,,,
,25.9,75.6,0.82,78.62,,2025-06-18 11:00:00,,,,
,26.5,75.3,0.86,79.7,,2025-06-18 11:30:00,,,,
,26.8,74.9,0.88,80.24,,2025-06-18 12:00:00,,,,
,27.0,76.3,0.84,80.6,,2025-06-18 12:30:00,,,,
,27.1,76.3,0.85,80.78,,2025-06-18 13:00:00,,,,
,27.3,74.9,0.91,81.14,,2025-06-18 14:00:00,,,,
,27.6,76.2,0.88,81.68,,2025-06-18 14:30:00,,,,
,27.6,75.8,0.89,81.68,,2025-06-18 15:00:00,,,,
,27.5,75.5,0.9,81.5,,2025-06-18 15:30:00,,,,
,27.6,75.1,0.92,81.68,,2025-06-18 16:00:00,,,,
,27.6,76.7,0.86,81.68,,2025-06-18 16:30:00,,,,
,27.5,77.8,0.81,81.5,,2025-06-18 17:00:00,,,,
,27.6,77.3,0.84,81.68,,2025-06-18 17:30:00,,,,
,27.7,75.4,0.91,81.86,,2025-06-18 18:00:00,,,,
,27.8,76.6,0.87,82.04,,2025-06-18 18:30:00,,,,
,27.9,76.9,0.87,82.22,,2025-06-18 19:00:00,,,,
,27.8,76.4,0.88,82.04,,2025-06-18 19:30:00,,,,
,27.8,77.9,0.83,82.04,,2025-06-18 20:00:00,,,,
,27.9,76.3,0.89,82.22,,2025-06-18 20:30:00,,,,
,27.9,76.5,0.88,82.22,,2025-06-18 21:00:00,,,,
,28.1,77.9,0.84,82.58,,2025-06-18 21:30:00,,,,
,28.3,77.6,0.86,82.94,,2025-06-18 22:00:00,,,,
,28.4,77.8,0.86,83.12,,2025-06-18 22:30:00,,,,
,28.1,78.2,0.83,82.58,,2025-06-18 23:00:00,,,,
,28.1,77.4,0.86,82.58,,2025-06-18 23:30:00,,,,
,28.0,79.3,0.78,82.4,,2025-06-19 00:00:00,,,,
,27.8,78.8,0.79,82.04,,2025-06-19 00:30:00,,,,
,27.7,80.4,0.73,81.86,,2025-06-19 01:00:00,,,,
,27.7,79.1,0.78,81.86,,2025-06-19 01:30:00,,,,
,27.7,80.2,0.74,81.86,,2025-06-19 02:00:00,,,,
,27.1,68.3,1.14,80.78,,2025-06-19 02:30:00,,,,
,28.5,69.4,1.19,83.3,,2025-06-19 03:00:00,,,,
,28.9,65.8,1.36,84.02,,2025-06-19 03:30:00,,,,
,25.8,68.5,1.05,78.44,,2025-06-19 04:00:00,,,,
,22.1,75.5,0.65,71.78,,2025-06-19 04:30:00,,,,
,21.5,76.6,0.6,70.7,,2025-06-19 05:00:00,,,,
,21.1,76.2,0.6,69.98,,2025-06-19 05:30:00,,,,
,21.2,73.6,0.66,70.16,,2025-06-19 06:00:00,,,,
,21.1,76.6,0.59,69.98,,2025-06-19 06:30:00,,,,
,21.0,76,0.6,69.8,,2025-06-19 07:00:00,,,,
,21.1,78,0.55,69.98,,2025-06-19 07:30:00,,,,
,21.0,76.1,0.59,69.8,,2025-06-19 08:00:00,,,,
,21.0,76.5,0.58,69.8,,2025-06-19 08:30:00,,,,
,21.1,76.1,0.6,69.98,,2025-06-19 09:00:00,,,,
,21.1,77.6,0.56,69.98,,2025-06-19 09:30:00,,,,
,21.0,76.8,0.58,69.8,,2025-06-19 10:00:00,,,,
,25.8,69.7,1.01,78.44,,2025-06-19 10:30:00,,,,
,28.4,65.5,1.33,83.12,,2025-06-19 11:00:00,,,,
,27.4,66.7,1.22,81.32,,2025-06-19 11:30:00,,,,
,28.5,65.9,1.33,83.3,,2025-06-19 12:00:00,,,,
,28.5,64.3,1.39,83.3,,2025-06-19 12:30:00,,,,
,27.1,66.5,1.2,80.78,,2025-06-19 13:00:00,,,,
,26.1,76.6,0.79,78.98,,2025-06-19 13:30:00,,,,
,26.6,76.1,0.83,79.88,,2025-06-19 14:00:00,,,,
,26.8,76.5,0.83,80.24,,2025-06-19 14:30:00,,,,
,27.0,76.5,0.84,80.6,,2025-06-19 15:00:00,,,,
,27.1,76.1,0.86,80.78,,2025-06-19 15:30:00,,,,
,27.1,76.1,0.86,80.78,,2025-06-19 16:00:00,,,,
,27.2,77.3,0.82,80.96,,2025-06-19 16:30:00,,,,
,27.2,75.9,0.87,80.96,,2025-06-19 17:00:00,,,,
,28.2,74.9,0.96,82.76,,2025-06-19 17:30:00,,,,
,28.5,73.4,1.04,83.3,,2025-06-19 18:00:00,,,,
,28.7,72.7,1.07,83.66,,2025-06-19 18:30:00,,,,
,28.8,73.5,1.05,83.84,,2025-06-19 19:00:00,,,,
,28.9,74.2,1.03,84.02,,2025-06-19 19:30:00,,,,
,28.8,74.6,1.01,83.84,,2025-06-19 20:00:00,,,,
,28.7,73.4,1.05,83.66,,2025-06-19 20:30:00,,,,
,28.7,74.2,1.02,83.66,,2025-06-19 21:00:00,,,,
,28.8,71.4,1.13,83.84,,2025-06-19 21:30:00,,,,
,29.1,72.3,1.12,84.38,,2025-06-19 22:00:00,,,,
,28.7,66.5,1.32,83.66,,2025-06-19 22:30:00,,,,
,29.1,64.9,1.41,84.38,,2025-06-19 23:00:00,,,,
,29.0,61,1.56,84.2,,2025-06-19 23:30:00,,,,
,28.4,61.8,1.48,83.12,,2025-06-20 00:00:00,,,,
,28.1,63.4,1.39,82.58,,2025-06-20 00:30:00,,,,
,29.0,63.8,1.45,84.2,,2025-06-20 01:00:01,,,,
,27.8,72.3,1.03,82.04,,2025-06-20 01:30:00,,,,
,26.9,63.9,1.28,80.42,,2025-06-20 02:00:00,,,,
,27.6,63,1.37,81.68,,2025-06-20 02:30:00,,,,
,28.2,61.5,1.47,82.76,,2025-06-20 03:00:00,,,,
,28.9,69.8,1.2,84.02,,2025-06-20 03:30:00,,,,
,25.7,75.4,0.81,78.26,,2025-06-20 04:00:00,,,,
,22.4,78.4,0.59,72.32,,2025-06-20 04:30:00,,,,
,21.8,76.4,0.62,71.24,,2025-06-20 05:00:00,,,,
,21.6,80.5,0.5,70.88,,2025-06-20 05:30:00,,,,
,21.3,77.8,0.56,70.34,,2025-06-20 06:00:00,,,,
,21.3,78.1,0.55,70.34,,2025-06-20 06:30:00,,,,
,21.0,78.6,0.53,69.8,,2025-06-20 07:00:00,,,,
,21.0,82.5,0.44,69.8,,2025-06-20 07:30:00,,,,
,20.9,76.6,0.58,69.62,,2025-06-20 08:00:00,,,,
,20.7,77.6,0.55,69.26,,2025-06-20 08:30:00,,,,
,20.6,79.7,0.49,69.08,,2025-06-20 09:00:00,,,,
,20.5,82.6,0.42,68.9,,2025-06-20 09:30:00,,,,
,20.5,79.1,0.5,68.9,,2025-06-20 10:00:00,,,,
,24.7,73.7,0.82,76.46,,2025-06-20 10:30:00,,,,
,27.4,70.7,1.07,81.32,,2025-06-20 11:00:00,,,,
,28.0,72.3,1.05,82.4,,2025-06-20 11:30:00,,,,
,28.2,67.9,1.23,82.76,,2025-06-20 12:00:00,,,,
,28.3,72.6,1.05,82.94,,2025-06-20 12:30:00,,,,
,28.5,70.8,1.14,83.3,,2025-06-20 13:00:00,,,,
,28.8,68,1.27,83.84,,2025-06-20 13:30:00,,,,
,28.9,67.9,1.28,84.02,,2025-06-20 14:00:00,,,,
,29.0,71.8,1.13,84.2,,2025-06-20 14:30:00,,,,
,28.5,70.1,1.16,83.3,,2025-06-20 15:00:00,,,,
,27.9,69.8,1.13,82.22,,2025-06-20 15:30:00,,,,
,29.0,73,1.08,84.2,,2025-06-20 16:00:00,,,,
,28.6,70.2,1.17,83.48,,2025-06-20 16:30:00,,,,
,28.5,67.9,1.25,83.3,,2025-06-20 17:00:00,,,,
,27.1,75.8,0.87,80.78,,2025-06-20 17:30:00,,,,
,27.5,70.9,1.07,81.5,,2025-06-20 18:00:00,,,,
,28.4,72.4,1.07,83.12,,2025-06-20 18:30:00,,,,
,28.9,71,1.15,84.02,,2025-06-20 19:00:00,,,,
,27.2,76.1,0.86,80.96,,2025-06-20 19:30:00,,,,
,28.7,68.9,1.22,83.66,,2025-06-20 20:00:00,,,,
,27.0,70.9,1.04,80.6,,2025-06-20 20:30:00,,,,
,28.8,69.9,1.19,83.84,,2025-06-20 21:00:00,,,,
,27.6,73.1,0.99,81.68,,2025-06-20 21:30:00,,,,
,27.0,71,1.03,80.6,,2025-06-20 22:00:00,,,,
,27.2,69.9,1.09,80.96,,2025-06-20 22:30:00,,,,
,28.5,71.2,1.12,83.3,,2025-06-20 23:00:00,,,,
,28.9,69.9,1.2,84.02,,2025-06-20 23:30:00,,,,
,30.6,67.7,1.42,87.08,,2025-06-21 00:00:00,,,,
,30.9,67.3,1.46,87.62,,2025-06-21 00:30:00,,,,
,30.3,71.5,1.23,86.54,,2025-06-21 01:00:00,,,,
,26.3,81.1,0.65,79.34,,2025-06-21 02:00:00,,,,
,26.9,77.3,0.8,80.42,,2025-06-21 02:30:00,,,,
,27.0,76.7,0.83,80.6,,2025-06-21 03:00:00,,,,
,27.0,76.7,0.83,80.6,,2025-06-21 03:30:00,,,,
,25.4,77.1,0.74,77.72,,2025-06-21 04:00:00,,,,
,22.7,81.1,0.52,72.86,,2025-06-21 04:30:00,,,,
,21.7,82.3,0.46,71.06,,2025-06-21 05:30:00,,,,
,21.5,82,0.46,70.7,,2025-06-21 06:00:00,,,,
,21.3,82.1,0.45,70.34,,2025-06-21 06:30:00,,,,
,21.2,82.2,0.45,70.16,,2025-06-21 07:00:00,,,,
,21.1,81.9,0.45,69.98,,2025-06-21 07:30:00,,,,
,21.2,82.5,0.44,70.16,,2025-06-21 08:00:00,,,,
,21.2,83.1,0.43,70.16,,2025-06-21 09:00:00,,,,
,21.2,83.7,0.41,70.16,,2025-06-21 09:30:00,,,,
,21.2,83.9,0.41,70.16,,2025-06-21 10:00:00,,,,
,22.9,82.5,0.49,73.22,,2025-06-21 10:30:00,,,,
,25.3,79,0.68,77.54,,2025-06-21 11:00:00,,,,
,25.7,78.9,0.7,78.26,,2025-06-21 11:30:00,,,,
,25.8,79.2,0.69,78.44,,2025-06-21 12:30:00,,,,
,25.9,79.3,0.69,78.62,,2025-06-21 13:00:00,,,,
,26.0,79.6,0.69,78.8,,2025-06-21 13:30:00,,,,
,26.0,80,0.67,78.8,,2025-06-21 14:00:00,,,,
,26.0,80.2,0.67,78.8,,2025-06-21 14:30:00,,,,
,26.2,80.9,0.65,79.16,,2025-06-21 15:00:00,,,,
,26.3,81,0.65,79.34,,2025-06-21 15:30:00,,,,
,26.3,80.9,0.65,79.34,,2025-06-21 16:00:00,,,,
,26.4,80.8,0.66,79.52,,2025-06-21 16:30:00,,,,
,26.5,81.1,0.65,79.7,,2025-06-21 17:00:00,,,,
,27.7,73.2,1,81.86,,2025-06-21 17:30:00,,,,
,30.5,65.7,1.5,86.9,,2025-06-21 18:00:00,,,,
,30.5,66.7,1.45,86.9,,2025-06-21 18:30:00,,,,
,30.8,65.6,1.53,87.44,,2025-06-21 19:00:00,,,,
,31.0,65.8,1.54,87.8,,2025-06-21 19:30:00,,,,
,30.9,65.8,1.53,87.62,,2025-06-21 20:00:00,,,,
,27.3,78.2,0.79,81.14,,2025-06-21 20:30:00,,,,
,27.2,78.1,0.79,80.96,,2025-06-21 21:00:00,,,,
,27.2,78.1,0.79,80.96,,2025-06-21 21:30:00,,,,
,27.2,78.3,0.78,80.96,,2025-06-21 22:00:00,,,,
,27.1,78.6,0.77,80.78,,2025-06-21 22:30:00,,,,
,27.2,78.5,0.78,80.96,,2025-06-21 23:00:00,,,,
,27.1,79.8,0.72,80.78,,2025-06-21 23:30:00,,,,
,27.1,79.4,0.74,80.78,,2025-06-22 00:00:00,,,,
,27.1,79.9,0.72,80.78,,2025-06-22 00:30:00,,,,
,27.0,81.6,0.66,80.6,,2025-06-22 01:00:00,,,,
,27.0,80.1,0.71,80.6,,2025-06-22 01:30:00,,,,
,27.0,81.4,0.66,80.6,,2025-06-22 02:00:00,,,,
,26.8,82.1,0.63,80.24,,2025-06-22 02:30:00,,,,
,26.7,82.3,0.62,80.06,,2025-06-22 03:00:00,,,,
,26.6,81.4,0.65,79.88,,2025-06-22 03:30:00,,,,
,25.1,79.8,0.64,77.18,,2025-06-22 04:00:00,,,,
,23.1,82,0.51,73.58,,2025-06-22 04:30:00,,,,
,22.6,82,0.49,72.68,,2025-06-22 05:00:00,,,,
,22.3,81.5,0.5,72.14,,2025-06-22 05:30:00,,,,
,22.0,81.2,0.5,71.6,,2025-06-22 06:00:00,,,,
,21.8,81.1,0.49,71.24,,2025-06-22 06:30:00,,,,
,21.7,81.5,0.48,71.06,,2025-06-22 07:00:00,,,,
,21.6,81.6,0.47,70.88,,2025-06-22 07:30:00,,,,
,21.4,82,0.46,70.52,,2025-06-22 08:00:00,,,,
,21.3,82,0.46,70.34,,2025-06-22 08:30:00,,,,
,21.1,82.2,0.45,69.98,,2025-06-22 09:00:00,,,,
,20.9,82.2,0.44,69.62,,2025-06-22 09:30:00,,,,
,20.8,82.2,0.44,69.44,,2025-06-22 10:00:00,,,,
,22.6,83.3,0.46,72.68,,2025-06-22 10:30:00,,,,
,23.9,82.3,0.52,75.02,,2025-06-22 11:00:00,,,,
,24.3,82.2,0.54,75.74,,2025-06-22 11:30:00,,,,
,24.5,82,0.55,76.1,,2025-06-22 12:00:00,,,,
,24.6,82.6,0.54,76.28,,2025-06-22 12:30:00,,,,
,24.8,81.6,0.58,76.64,,2025-06-22 13:00:00,,,,
,24.9,81.6,0.58,76.82,,2025-06-22 13:30:00,,,,
,24.9,81.2,0.59,76.82,,2025-06-22 14:00:00,,,,
,24.9,81.8,0.57,76.82,,2025-06-22 14:30:00,,,,
,25.0,81.1,0.6,77.0,,2025-06-22 15:00:00,,,,
,24.9,82.7,0.54,76.82,,2025-06-22 15:30:00,,,,
,25.0,83.1,0.54,77.0,,2025-06-22 16:00:00,,,,
,24.6,83.6,0.51,76.28,,2025-06-22 16:30:00,,,,
,29.6,59.9,1.66,85.28,,2025-06-22 17:00:00,,,,
,29.4,60,1.64,84.92,,2025-06-22 17:30:00,,,,
,29.7,60.4,1.65,85.46,,2025-06-22 18:00:00,,,,
,29.7,64.5,1.48,85.46,,2025-06-22 18:30:00,,,,
,29.9,63.7,1.53,85.82,,2025-06-22 19:00:00,,,,
,29.9,65.9,1.44,85.82,,2025-06-22 19:30:00,,,,
,29.9,62.8,1.57,85.82,,2025-06-22 20:00:00,,,,
,29.7,63.7,1.51,85.46,,2025-06-22 20:30:00,,,,
,29.6,63.6,1.51,85.28,,2025-06-22 21:00:00,,,,
,24.7,79.2,0.65,76.46,,2025-06-22 21:30:00,,,,
,28.0,68.9,1.18,82.4,,2025-06-22 22:00:00,,,,
,27.5,72.3,1.02,81.5,,2025-06-22 22:30:00,,,,
,27.4,73.7,0.96,81.32,,2025-06-22 23:00:00,,,,
,26.6,68.9,1.08,79.88,,2025-06-22 23:30:00,,,,
,28.2,66.5,1.28,82.76,,2025-06-23 00:00:00,,,,
,28.3,66.6,1.28,82.94,,2025-06-23 00:30:00,,,,
,28.3,63.1,1.42,82.94,,2025-06-23 01:00:00,,,,
,28.5,64.5,1.38,83.3,,2025-06-23 01:30:00,,,,
,28.4,63.9,1.4,83.12,,2025-06-23 02:00:00,,,,
,28.4,66.8,1.28,83.12,,2025-06-23 02:30:00,,,,
,28.4,63.8,1.4,83.12,,2025-06-23 03:00:00,,,,
,28.2,63.9,1.38,82.76,,2025-06-23 03:30:00,,,,
,25.4,64.9,1.14,77.72,,2025-06-23 04:00:00,,,,
,23.0,74.4,0.72,73.4,,2025-06-23 04:30:00,,,,
,23.0,75.7,0.68,73.4,,2025-06-23 05:00:00,,,,
,22.9,75.5,0.68,73.22,,2025-06-23 05:30:00,,,,
,22.9,75.1,0.7,73.22,,2025-06-23 06:00:00,,,,
,22.2,70.8,0.78,71.96,,2025-06-23 06:30:00,,,,
,22.0,71.4,0.76,71.6,,2025-06-23 07:00:00,,,,
,22.5,72.8,0.74,72.5,,2025-06-23 07:30:00,,,,
,22.6,73.8,0.72,72.68,,2025-06-23 08:00:00,,,,
,22.1,70.6,0.78,71.78,,2025-06-23 08:30:00,,,,
,21.8,69.3,0.8,71.24,,2025-06-23 09:00:00,,,,
,21.8,70.6,0.77,71.24,,2025-06-23 09:30:00,,,,
,22.3,73.4,0.72,72.14,,2025-06-23 10:00:00,,,,
,25.3,65,1.13,77.54,,2025-06-23 10:30:00,,,,
,27.7,65.2,1.29,81.86,,2025-06-23 11:00:00,,,,
,28.0,62.2,1.43,82.4,,2025-06-23 11:30:00,,,,
,28.1,62.5,1.43,82.58,,2025-06-23 12:00:00,,,,
,28.1,62.1,1.44,82.58,,2025-06-23 12:30:00,,,,
,28.1,60.9,1.49,82.58,,2025-06-23 13:00:00,,,,
,28.4,61.9,1.47,83.12,,2025-06-23 13:30:00,,,,
,28.5,60.4,1.54,83.3,,2025-06-23 14:00:00,,,,
,28.5,59.9,1.56,83.3,,2025-06-23 14:30:00,,,,
,28.5,60.2,1.55,83.3,,2025-06-23 15:00:00,,,,
,28.5,60,1.56,83.3,,2025-06-23 15:30:00,,,,
,28.5,60,1.56,83.3,,2025-06-23 16:00:00,,,,
,28.6,60.2,1.56,83.48,,2025-06-23 16:30:00,,,,
,28.6,60,1.57,83.48,,2025-06-23 17:00:00,,,,
,28.3,61.9,1.47,82.94,,2025-06-23 17:30:00,,,,
,28.5,60.9,1.52,83.3,,2025-06-23 18:00:00,,,,
,28.5,60.7,1.53,83.3,,2025-06-23 18:30:00,,,,
,28.6,60.5,1.55,83.48,,2025-06-23 19:00:00,,,,
,28.4,60.7,1.52,83.12,,2025-06-23 19:30:00,,,,
,28.2,60.6,1.51,82.76,,2025-06-23 20:00:00,,,,
,28.2,60.2,1.52,82.76,,2025-06-23 20:30:00,,,,
,28.0,61.6,1.45,82.4,,2025-06-23 21:00:00,,,,
,28.2,60.6,1.51,82.76,,2025-06-23 21:30:00,,,,
,28.1,61.7,1.46,82.58,,2025-06-23 22:00:00,,,,
,28.1,60.6,1.5,82.58,,2025-06-23 22:30:00,,,,
,29.8,58.7,1.73,85.64,,2025-06-23 23:00:00,,,,
,30.2,57.3,1.83,86.36,,2025-06-23 23:30:00,,,,
,30.8,58.7,1.83,87.44,,2025-06-24 00:30:00,,,,
,29.7,74.1,1.08,85.46,,2025-06-24 01:00:00,,,,
,30.3,71.4,1.23,86.54,,2025-06-24 01:30:00,,,,
,30.2,73.7,1.13,86.36,,2025-06-24 02:00:00,,,,
,30.3,73.9,1.13,86.54,,2025-06-24 02:30:00,,,,
,30.5,72,1.22,86.9,,2025-06-24 03:00:00,,,,
,27.3,69,1.12,81.14,,2025-06-24 04:00:00,,,,
,23.9,71.1,0.86,75.02,,2025-06-24 04:30:00,,,,
,23.3,69.6,0.87,73.94,,2025-06-24 05:00:00,,,,
,22.9,69.3,0.86,73.22,,2025-06-24 05:30:00,,,,
,22.7,71,0.8,72.86,,2025-06-24 06:00:00,,,,
,22.6,68.8,0.86,72.68,,2025-06-24 06:30:00,,,,
,22.5,68.3,0.86,72.5,,2025-06-24 07:30:00,,,,
,22.3,72.2,0.75,72.14,,2025-06-24 08:00:00,,,,
,22.3,69.3,0.83,72.14,,2025-06-24 08:30:00,,,,
,22.2,68.8,0.83,71.96,,2025-06-24 09:00:00,,,,
,22.1,68.4,0.84,71.78,,2025-06-24 09:30:00,,,,
,22.0,68.8,0.82,71.6,,2025-06-24 10:00:00,,,,
,25.8,71.2,0.96,78.44,,2025-06-24 10:30:00,,,,
,28.9,71.9,1.12,84.02,,2025-06-24 11:00:00,,,,
,29.3,73.6,1.08,84.74,,2025-06-24 11:30:00,,,,
,29.8,70.6,1.23,85.64,,2025-06-24 12:00:00,,,,
,30.0,73.2,1.14,86.0,,2025-06-24 12:30:00,,,,
,30.2,72.1,1.2,86.36,,2025-06-24 13:00:00,,,,
,30.2,73.6,1.13,86.36,,2025-06-24 13:30:00,,,,
,30.7,73.2,1.18,87.26,,2025-06-24 14:00:00,,,,
,30.7,71.6,1.25,87.26,,2025-06-24 14:30:00,,,,
,30.6,70.7,1.29,87.08,,2025-06-24 15:00:00,,,,
,30.6,73.3,1.17,87.08,,2025-06-24 15:30:00,,,,
,30.6,74,1.14,87.08,,2025-06-24 16:00:00,,,,
,30.7,73.1,1.19,87.26,,2025-06-24 16:30:00,,,,
,30.7,73.9,1.15,87.26,,2025-06-24 17:00:00,,,,
,30.9,72.3,1.24,87.62,,2025-06-24 17:30:00,,,,
,30.6,70.2,1.31,87.08,,2025-06-24 18:00:00,,,,
,31.1,71,1.31,87.98,,2025-06-24 18:30:00,,,,
,30.9,73.4,1.19,87.62,,2025-06-24 19:00:00,,,,
,30.9,71.6,1.27,87.62,,2025-06-24 19:30:00,,,,
,30.9,72.7,1.22,87.62,,2025-06-24 20:00:00,,,,
,31.0,70.5,1.33,87.8,,2025-06-24 20:30:00,,,,
,28.8,71.9,1.11,83.84,,2025-06-24 21:00:00,,,,
,30.4,72.9,1.18,86.72,,2025-06-24 21:30:00,,,,
,29.9,72.5,1.16,85.82,,2025-06-24 22:00:00,,,,
,30.5,55.9,1.93,86.9,,2025-06-24 22:30:00,,,,
,30.2,60.8,1.68,86.36,,2025-06-24 23:00:00,,,,
,30.7,58.7,1.82,87.26,,2025-06-24 23:30:00,,,,
,30.8,57.3,1.9,87.44,,2025-06-25 00:00:00,,,,
,30.1,57.7,1.81,86.18,,2025-06-25 00:30:00,,,,
,29.7,58.4,1.73,85.46,,2025-06-25 01:00:00,,,,
,29.0,58.4,1.67,84.2,,2025-06-25 01:30:00,,,,
,24.0,95.4,0.14,75.2,,2025-06-25 02:00:00,,,,
,24.1,70.3,0.89,75.38,,2025-06-25 02:30:00,,,,
,23.8,68.8,0.92,74.84,,2025-06-25 03:00:00,,,,
,23.6,67.7,0.94,74.48,,2025-06-25 03:30:00,,,,
,23.4,67.1,0.95,74.12,,2025-06-25 04:00:00,,,,
,22.5,68.7,0.85,72.5,,2025-06-25 04:30:00,,,,
,22.2,68.8,0.83,71.96,,2025-06-25 05:00:00,,,,
,22.0,68.5,0.83,71.6,,2025-06-25 05:30:00,,,,
,21.9,68.3,0.83,71.42,,2025-06-25 06:00:00,,,,
,21.7,67.9,0.83,71.06,,2025-06-25 06:30:00,,,,
,21.5,67.5,0.83,70.7,,2025-06-25 07:00:00,,,,
,21.5,67.5,0.83,70.7,,2025-06-25 07:30:00,,,,
,21.4,67.4,0.83,70.52,,2025-06-25 08:00:00,,,,
,21.1,68.6,0.79,69.98,,2025-06-25 08:30:00,,,,
,21.8,72.5,0.72,71.24,,2025-06-25 09:00:00,,,,
,22.0,73.4,0.7,71.6,,2025-06-25 09:30:00,,,,
,22.0,73,0.71,71.6,,2025-06-25 10:00:00,,,,
,25.0,66.6,1.06,77.0,,2025-06-25 10:30:00,,,,
,24.1,69.8,0.91,75.38,,2025-06-25 11:00:00,,,,
,24.3,71.2,0.87,75.74,,2025-06-25 11:30:00,,,,
,25.1,68.4,1.01,77.18,,2025-06-25 12:00:00,,,,
,23.3,70.2,0.85,73.94,,2025-06-25 12:30:00,,,,
,23.0,75.4,0.69,73.4,,2025-06-25 13:00:00,,,,
,23.2,73.1,0.76,73.76,,2025-06-25 13:30:00,,,,
,23.2,71.6,0.81,73.76,,2025-06-25 14:00:00,,,,
,23.1,71.8,0.8,73.58,,2025-06-25 14:30:00,,,,
,24.8,69.5,0.95,76.64,,2025-06-25 15:00:00,,,,
,24.8,67.4,1.02,76.64,,2025-06-25 15:30:00,,,,
,23.9,69,0.92,75.02,,2025-06-25 16:00:00,,,,
,23.1,70.4,0.84,73.58,,2025-06-25 16:30:00,,,,
,24.4,69.6,0.93,75.92,,2025-06-25 17:00:00,,,,
,24.9,66.9,1.04,76.82,,2025-06-25 17:30:00,,,,
,23.6,69,0.9,74.48,,2025-06-25 18:00:00,,,,
,23.2,67.7,0.92,73.76,,2025-06-25 18:30:00,,,,
,25.0,68.3,1,77.0,,2025-06-25 19:00:00,,,,
,24.6,67.1,1.02,76.28,,2025-06-25 19:30:00,,,,
,23.6,69,0.9,74.48,,2025-06-25 20:00:00,,,,
,23.0,70.8,0.82,73.4,,2025-06-25 20:30:00,,,,
,23.8,70.6,0.87,74.84,,2025-06-25 21:00:00,,,,
,23.4,63.9,1.04,74.12,,2025-06-25 21:30:00,,,,
,23.5,71.1,0.84,74.3,,2025-06-25 22:00:00,,,,
,23.4,72,0.81,74.12,,2025-06-25 22:30:00,,,,
,23.5,74.7,0.73,74.3,,2025-06-25 23:00:00,,,,
,24.5,68.9,0.96,76.1,,2025-06-25 23:30:00,,,,
,23.2,70.4,0.84,73.76,,2025-06-26 00:00:00,,,,
,23.4,68.6,0.9,74.12,,2025-06-26 00:30:00,,,,
,23.4,74.6,0.73,74.12,,2025-06-26 01:00:00,,,,
,25.0,74.9,0.8,77.0,,2025-06-26 01:30:00,,,,
,23.5,75.3,0.72,74.3,,2025-06-26 02:00:00,,,,
,24.9,74.9,0.79,76.82,,2025-06-26 02:30:00,,,,
,24.0,77.2,0.68,75.2,,2025-06-26 03:00:00,,,,
,25.1,73.9,0.83,77.18,,2025-06-26 03:30:00,,,,
,23.4,76.3,0.68,74.12,,2025-06-26 04:00:00,,,,
,20.9,81.6,0.45,69.62,,2025-06-26 04:30:00,,,,
,20.3,82.1,0.43,68.54,,2025-06-26 05:00:00,,,,
,23.1,76.8,0.66,73.58,,2025-06-26 05:30:00,,,,
,20.9,80.6,0.48,69.62,,2025-06-26 06:00:00,,,,
,20.1,84.1,0.37,68.18,,2025-06-26 06:30:00,,,,
,20.6,92,0.19,69.08,,2025-06-26 07:00:00,,,,
,20.7,93.3,0.16,69.26,,2025-06-26 07:30:00,,,,
,20.8,94.3,0.14,69.44,,2025-06-26 08:00:00,,,,
,20.8,94.8,0.13,69.44,,2025-06-26 08:30:00,,,,
,20.8,95.2,0.12,69.44,,2025-06-26 09:00:00,,,,
,20.8,95.5,0.11,69.44,,2025-06-26 09:30:00,,,,
,20.8,95.7,0.11,69.44,,2025-06-26 10:00:00,,,,
,20.8,95.8,0.1,69.44,,2025-06-26 10:30:00,,,,
,20.8,95.9,0.1,69.44,,2025-06-26 11:00:00,,,,
,20.8,96,0.1,69.44,,2025-06-26 11:30:00,,,,
,20.8,96.1,0.1,69.44,,2025-06-26 12:00:00,,,,
,20.8,96.2,0.09,69.44,,2025-06-26 12:30:00,,,,
,19.5,85.2,0.34,67.1,,2025-06-26 13:00:00,,,,
,19.6,85,0.34,67.28,,2025-06-26 13:30:00,,,,
,19.5,83.4,0.38,67.1,,2025-06-26 14:00:00,,,,
,19.4,82.5,0.39,66.92,,2025-06-26 14:30:00,,,,
,19.4,81.6,0.41,66.92,,2025-06-26 15:00:00,,,,
,22.8,75.2,0.69,73.04,,2025-06-26 15:30:00,,,,
,25.7,71.6,0.94,78.26,,2025-06-26 16:00:00,,,,
,25.3,73.4,0.86,77.54,,2025-06-26 16:30:00,,,,
,25.1,74.5,0.81,77.18,,2025-06-26 17:00:00,,,,
,25.3,74.5,0.82,77.54,,2025-06-26 17:30:00,,,,
,25.0,77.2,0.72,77.0,,2025-06-26 18:00:00,,,,
,24.4,78,0.67,75.92,,2025-06-26 18:30:00,,,,
,26.0,77.7,0.75,78.8,,2025-06-26 19:30:00,,,,
,26.0,78,0.74,78.8,,2025-06-26 20:00:00,,,,
,25.9,78.3,0.73,78.62,,2025-06-26 20:30:00,,,,
,25.9,78.5,0.72,78.62,,2025-06-26 21:00:00,,,,
,25.3,79.5,0.66,77.54,,2025-06-26 21:30:00,,,,
,25.5,79.2,0.68,77.9,,2025-06-26 22:00:00,,,,
,25.9,77.4,0.76,78.62,,2025-06-26 23:00:00,,,,
,24.5,78.7,0.65,76.1,,2025-06-26 23:30:00,,,,
,24.9,68.6,0.99,76.82,,2025-06-27 00:00:00,,,,
,24.2,70.1,0.9,75.56,,2025-06-27 00:30:00,,,,
,23.9,75.3,0.73,75.02,,2025-06-27 01:00:00,,,,
,24.1,69.7,0.91,75.38,,2025-06-27 01:30:00,,,,
,24.0,68.8,0.93,75.2,,2025-06-27 02:30:00,,,,
,24.4,67,1.01,75.92,,2025-06-27 03:00:00,,,,
,21.4,73.1,0.69,70.52,,2025-06-27 03:30:00,,,,
,21.0,73.8,0.65,69.8,,2025-06-27 04:00:00,,,,
,21.0,73.4,0.66,69.8,,2025-06-27 04:30:00,,,,
,20.9,73.3,0.66,69.62,,2025-06-27 05:00:00,,,,
,20.9,74.1,0.64,69.62,,2025-06-27 06:00:00,,,,
,21.0,73.4,0.66,69.8,,2025-06-27 06:30:00,,,,
,20.9,73.3,0.66,69.62,,2025-06-27 07:00:00,,,,
,20.9,73.1,0.66,69.62,,2025-06-27 07:30:00,,,,
,20.8,72.7,0.67,69.44,,2025-06-27 08:00:00,,,,
,20.7,72.4,0.67,69.26,,2025-06-27 08:30:00,,,,
,20.7,72.1,0.68,69.26,,2025-06-27 09:00:00,,,,
,20.5,71.8,0.68,68.9,,2025-06-27 09:30:00,,,,
,20.4,71.6,0.68,68.72,,2025-06-27 10:00:00,,,,
,20.3,71.5,0.68,68.54,,2025-06-27 10:30:00,,,,
,20.2,71.5,0.67,68.36,,2025-06-27 11:00:00,,,,
,20.1,71.4,0.67,68.18,,2025-06-27 11:30:00,,,,
,19.9,71.9,0.65,67.82,,2025-06-27 12:00:00,,,,
,19.8,71.6,0.66,67.64,,2025-06-27 12:30:00,,,,
,19.9,71.5,0.66,67.82,,2025-06-27 13:00:00,,,,
,20.1,74.8,0.59,68.18,,2025-06-27 13:30:00,,,,
,20.3,75.6,0.58,68.54,,2025-06-27 14:00:00,,,,
,20.3,75.8,0.58,68.54,,2025-06-27 14:30:00,,,,
,20.4,75.6,0.58,68.72,,2025-06-27 15:00:00,,,,
,24.3,71.8,0.86,75.74,,2025-06-27 15:30:00,,,,
,24.0,73.3,0.8,75.2,,2025-06-27 16:00:00,,,,
,24.2,74.8,0.76,75.56,,2025-06-27 16:30:00,,,,
,24.5,66.4,1.03,76.1,,2025-06-27 17:00:00,,,,
,24.5,75,0.77,76.1,,2025-06-27 17:30:00,,,,
,25.8,71.8,0.94,78.44,,2025-06-27 18:00:01,,,,
,25.5,74.7,0.83,77.9,,2025-06-27 18:30:00,,,,
,25.9,74.4,0.86,78.62,,2025-06-27 19:00:00,,,,
,26.1,74,0.88,78.98,,2025-06-27 19:30:00,,,,
,26.0,73.4,0.89,78.8,,2025-06-27 20:00:00,,,,
,25.0,65.8,1.08,77.0,,2025-06-27 20:30:00,,,,
,25.4,73,0.88,77.72,,2025-06-27 21:00:00,,,,
,24.2,71.6,0.86,75.56,,2025-06-27 21:30:00,,,,
,24.4,71.3,0.88,75.92,,2025-06-27 22:00:00,,,,
,24.5,70.8,0.9,76.1,,2025-06-27 22:30:00,,,,
,24.8,66.4,1.05,76.64,,2025-06-27 23:00:00,,,,
,25.8,66.6,1.11,78.44,,2025-06-27 23:30:00,,,,
,24.4,75.1,0.76,75.92,,2025-06-28 00:00:00,,,,
,25.3,74.8,0.81,77.54,,2025-06-28 00:30:00,,,,
,25.9,75.8,0.81,78.62,,2025-06-28 01:00:00,,,,
,25.4,76.2,0.77,77.72,,2025-06-28 01:30:00,,,,
,25.4,73.9,0.85,77.72,,2025-06-28 02:00:00,,,,
,25.8,75.6,0.81,78.44,,2025-06-28 02:30:00,,,,
,24.5,74.9,0.77,76.1,,2025-06-28 03:00:00,,,,
,22.5,77.5,0.61,72.5,,2025-06-28 03:30:00,,,,
,22.2,79.2,0.56,71.96,,2025-06-28 04:00:00,,,,
,22.2,79.5,0.55,71.96,,2025-06-28 04:30:00,,,,
,22.1,79.4,0.55,71.78,,2025-06-28 05:00:00,,,,
,22.0,78.7,0.56,71.6,,2025-06-28 05:30:00,,,,
,22.0,78.2,0.58,71.6,,2025-06-28 06:00:00,,,,
,21.9,77.9,0.58,71.42,,2025-06-28 06:30:00,,,,
,21.9,78,0.58,71.42,,2025-06-28 07:00:00,,,,
,21.9,78,0.58,71.42,,2025-06-28 07:30:00,,,,
,21.7,77.3,0.59,71.06,,2025-06-28 08:00:00,,,,
,21.6,76.3,0.61,70.88,,2025-06-28 08:30:00,,,,
,21.6,76.6,0.6,70.88,,2025-06-28 09:00:00,,,,
,21.5,77.7,0.57,70.7,,2025-06-28 09:30:00,,,,
,21.5,77.6,0.57,70.7,,2025-06-28 10:00:00,,,,
,21.4,77.8,0.57,70.52,,2025-06-28 10:30:00,,,,
,21.4,77.6,0.57,70.52,,2025-06-28 11:00:00,,,,
,21.3,77.3,0.58,70.34,,2025-06-28 11:30:00,,,,
,21.3,78.9,0.53,70.34,,2025-06-28 12:00:00,,,,
,21.4,78.9,0.54,70.52,,2025-06-28 12:30:00,,,,
,21.4,79.4,0.53,70.52,,2025-06-28 13:00:00,,,,
,21.4,80,0.51,70.52,,2025-06-28 13:30:00,,,,
,21.4,80.5,0.5,70.52,,2025-06-28 14:00:00,,,,
,21.5,81.2,0.48,70.7,,2025-06-28 14:30:00,,,,
,21.5,81.9,0.46,70.7,,2025-06-28 15:00:00,,,,
,23.2,83.1,0.48,73.76,,2025-06-28 15:30:00,,,,
,25.3,83,0.55,77.54,,2025-06-28 16:00:00,,,,
,25.7,83.7,0.54,78.26,,2025-06-28 16:30:00,,,,
,25.5,83,0.55,77.9,,2025-06-28 17:00:00,,,,
,25.8,85,0.5,78.44,,2025-06-28 17:30:00,,,,
,26.0,85.3,0.49,78.8,,2025-06-28 18:00:00,,,,
,24.8,82.8,0.54,76.64,,2025-06-28 18:30:00,,,,
,26.0,83.9,0.54,78.8,,2025-06-28 19:00:00,,,,
,25.7,85.9,0.47,78.26,,2025-06-28 19:30:00,,,,
,24.4,72.1,0.85,75.92,,2025-06-28 20:00:00,,,,
,24.5,68.6,0.97,76.1,,2025-06-28 20:30:00,,,,
,24.6,66.9,1.02,76.28,,2025-06-28 21:00:00,,,,
,24.9,65.4,1.09,76.82,,2025-06-28 21:30:00,,,,
,24.9,63.4,1.15,76.82,,2025-06-28 22:00:00,,,,
,24.9,62.3,1.19,76.82,,2025-06-28 22:30:00,,,,
,25.0,62.1,1.2,77.0,,2025-06-28 23:00:00,,,,
,25.6,63,1.21,78.08,,2025-06-28 23:30:00,,,,
,25.9,63.7,1.21,78.62,,2025-06-29 00:00:00,,,,
,24.4,70.7,0.9,75.92,,2025-06-29 00:30:00,,,,
,25.5,65.5,1.13,77.9,,2025-06-29 01:00:00,,,,
,25.5,63.6,1.19,77.9,,2025-06-29 01:30:00,,,,
,25.6,62.9,1.22,78.08,,2025-06-29 02:00:00,,,,
,25.6,62.7,1.22,78.08,,2025-06-29 02:30:00,,,,
,24.5,71.2,0.89,76.1,,2025-06-29 03:00:00,,,,
,23.4,71.8,0.81,74.12,,2025-06-29 03:30:00,,,,
,23.0,71.1,0.81,73.4,,2025-06-29 04:00:00,,,,
,22.9,71.1,0.81,73.22,,2025-06-29 04:30:00,,,,
,22.7,70.4,0.82,72.86,,2025-06-29 05:00:00,,,,
,22.6,70,0.82,72.68,,2025-06-29 05:30:00,,,,
,22.5,69.2,0.84,72.5,,2025-06-29 06:00:00,,,,
,22.5,68.6,0.86,72.5,,2025-06-29 06:30:00,,,,
,22.4,68,0.87,72.32,,2025-06-29 07:00:00,,,,
,22.4,67.5,0.88,72.32,,2025-06-29 07:30:00,,,,
,22.3,67.1,0.89,72.14,,2025-06-29 08:00:00,,,,
,22.2,66.7,0.89,71.96,,2025-06-29 08:30:00,,,,
,22.1,66.5,0.89,71.78,,2025-06-29 09:00:00,,,,
,22.0,66.5,0.89,71.6,,2025-06-29 09:30:00,,,,
,21.9,66.3,0.89,71.42,,2025-06-29 10:00:00,,,,
,21.8,66.4,0.88,71.24,,2025-06-29 10:30:00,,,,
,21.7,66.7,0.86,71.06,,2025-06-29 11:00:00,,,,
,21.6,67,0.85,70.88,,2025-06-29 11:30:00,,,,
,21.6,67.3,0.84,70.88,,2025-06-29 12:00:00,,,,
,21.5,67.5,0.83,70.7,,2025-06-29 12:30:00,,,,
,21.5,67.7,0.83,70.7,,2025-06-29 13:00:00,,,,
,21.5,67.5,0.83,70.7,,2025-06-29 13:30:00,,,,
,21.5,68.1,0.82,70.7,,2025-06-29 14:00:00,,,,
,21.5,68.3,0.81,70.7,,2025-06-29 14:30:00,,,,
,21.6,69.9,0.78,70.88,,2025-06-29 15:00:00,,,,
,22.9,61.4,1.08,73.22,,2025-06-29 15:30:00,,,,
,25.3,57.2,1.38,77.54,,2025-06-29 16:00:00,,,,
,24.6,59.6,1.25,76.28,,2025-06-29 16:30:00,,,,
,24.0,61,1.16,75.2,,2025-06-29 17:00:00,,,,
,24.1,59.7,1.21,75.38,,2025-06-29 18:00:00,,,,
,24.2,59.7,1.22,75.56,,2025-06-29 18:30:00,,,,
,25.0,61.3,1.23,77.0,,2025-06-29 19:00:00,,,,
,24.6,58.5,1.28,76.28,,2025-06-29 19:30:00,,,,
,24.5,57.3,1.31,76.1,,2025-06-29 20:00:00,,,,
,24.5,57.1,1.32,76.1,,2025-06-29 20:30:00,,,,
